1573554040141;-1.617;5.7623999999999995;-7.7616
1573554040161;-1.274;5.9878;-7.614599999999999
1573554040181;-1.1368;6.0074;-8.084999999999999
1573554040201;-1.1368;5.9584;-8.4378
1573554040221;-1.1466;5.8898;-8.427999999999999
1573554040241;-0.9309999999999999;5.9388;-8.3986
1573554040260;-0.5586;5.9681999999999995;-8.3496
1573554040280;-0.588;5.88;-8.5848
1573554040300;-1.029;5.684;-8.9964
1573554040320;-1.3719999999999999;5.5958;-8.839599999999999
1573554040340;-1.6072;5.684;-8.8886
1573554040360;-1.3621999999999999;5.723199999999999;-8.8592
1573554040380;-1.029;5.6154;-8.4476
1573554040400;-0.9702;5.537;-8.1732
1573554040420;-0.7938;5.4193999999999996;-8.3888
1573554040440;-1.0486;5.1254;-8.6534
1573554040460;-0.8722;5.1352;-8.976799999999999
1573554040480;-0.5684;5.0176;-7.8694
1573554040500;-0.9995999999999999;5.341;-7.9478
1573554040520;-1.0877999999999999;5.2822;-9.0846
1573554040540;-0.9603999999999999;4.8313999999999995;-8.918
1573554040560;-1.0877999999999999;4.7627999999999995;-8.82
1573554040580;-1.029;4.9196;-8.5848
1573554040600;-0.7938;5.3606;-8.33
1573554040620;-0.6958;5.6644;-7.8008
1573554040640;-0.7545999999999999;5.6056;-7.957599999999999
1573554040660;-0.6566;5.4978;-7.8595999999999995
1573554040680;-0.5586;5.448799999999999;-7.595
1573554040700;-0.5781999999999999;5.5565999999999995;-7.5656
1573554040720;-0.8526;5.537;-7.7028
1573554040740;-1.127;5.791799999999999;-7.820399999999999
1573554040760;-1.1956;6.1053999999999995;-8.2614
1573554040780;-1.0877999999999999;6.1739999999999995;-8.3496
1573554040800;-0.7448;6.272;-8.153599999999999
1573554040820;-0.6762;6.4386;-7.644
1573554040840;-0.98;6.6248;-8.33
1573554040860;-1.1172;6.5758;-8.496599999999999
1573554040880;-1.0094;6.0074;-7.9772
1573554040900;-1.323;6.419;-7.154
1573554040920;-1.4014;7.0363999999999995;-7.4186
1573554040940;-1.1956;6.664;-7.8792
1573554040960;-1.2152;6.0956;-8.036
1573554040979;-1.1858;6.5954;-8.281
1573554040999;-1.2054;7.1638;-8.4574
1573554041019;-1.1172;8.232;-7.7714
1573554041039;-1.0191999999999999;9.4374;-9.653
1573554041059;-1.3524;9.1728;-11.720799999999999
1573554041079;-1.1466;8.3104;-11.956
1573554041099;-1.029;7.0952;-11.564
1573554041119;-1.2249999999999999;5.88;-9.113999999999999
1573554041139;-1.3034;5.6154;-7.8498
1573554041159;-0.833;5.791799999999999;-8.496599999999999
1573554041179;-0.3626;5.9388;-9.3786
1573554041199;-0.5978;7.0952;-9.6138
1573554041219;-1.2054;8.477;-9.5354
1573554041239;-1.2054;8.6632;-8.9572
1573554041259;-1.0877999999999999;7.7126;-8.839599999999999
1573554041279;-1.1368;6.997199999999999;-9.0944
1573554041299;-1.6856;7.301;-8.722
1573554041319;-1.5091999999999999;7.7028;-9.016
1573554041339;-2.1462;7.751799999999999;-9.4668
1573554041359;-2.7538;8.0752;-9.7118
1573554041379;-2.352;7.3892;-8.290799999999999
1573554041399;-1.617;7.477399999999999;-8.4182
1573554041419;-1.1074;7.8008;-8.9572
1573554041439;-0.9995999999999999;8.359399999999999;-8.3496
1573554041459;-1.3328;9.1728;-8.036
1573554041479;-1.6463999999999999;9.662799999999999;-8.3202
1573554041499;-1.2249999999999999;8.82;-7.399
1573554041519;-0.8036;9.1924;-6.066199999999999
1573554041539;-0.7938;9.9862;-6.4288
1573554041559;-0.5978;9.868599999999999;-7.1246
1573554041579;-1.4307999999999998;9.555;-6.6541999999999994
1573554041599;-1.5386;9.662799999999999;-6.0367999999999995
1573554041619;-1.4307999999999998;9.0748;-5.8702
1573554041639;-1.127;9.4178;-5.9388
1573554041659;-1.176;9.3492;-6.066199999999999
1573554041679;-1.421;8.6044;-5.2626
1573554041698;-1.1662;8.8494;-4.9784
1573554041718;-1.0191999999999999;9.4766;-4.5766
1573554041738;-1.0486;9.4864;-3.9886
1573554041758;-1.1662;8.8886;-3.3613999999999997
1573554041778;-1.1466;7.987;-2.8028
1573554041798;-1.274;7.0756;-2.3813999999999997
1573554041818;-1.2446;6.1152;-1.421
1573554041838;-0.9212;5.380199999999999;-0.7153999999999999
1573554041858;-0.6664;5.439;-0.4214
1573554041878;-0.6566;5.4782;-0.784
1573554041898;-0.49;5.2234;-0.7938
1573554041918;-0.5488;5.2528;-0.3528
1573554041938;-0.6566;5.517399999999999;-0.7448
1573554041958;-0.7448;4.704;0.0588
1573554041978;-0.4508;4.9588;0.3822
1573554041998;0.147;5.0078;0.1862
1573554042018;0.21559999999999999;5.1057999999999995;-0.5586
1573554042038;-0.6762;4.3904;-2.1364
1573554042058;-1.8326;3.5966;-2.7929999999999997
1573554042078;-0.7938;1.8619999999999999;0.1372
1573554042098;0.5194;3.8514;0.245
1573554042117;0.4508;5.860399999999999;-0.1862
1573554042137;-0.098;5.5664;0.7448
1573554042157;0.3724;5.8506;-0.0392
1573554042177;0.196;7.408799999999999;-1.421
1573554042197;-0.3528;9.6922;-2.94
1573554042217;-0.8036;8.8004;-1.6758
1573554042237;-1.1172;7.7812;-3.5574
1573554042257;-1.1172;9.388399999999999;-4.5472
1573554042277;-0.8134;9.8098;-4.1846
1573554042297;-0.882;8.016399999999999;-2.9497999999999998
1573554042317;-1.0388;8.5456;-4.0376
1573554042337;-0.7938;9.5648;-5.194
1573554042357;-0.1862;8.8886;-4.9882
1573554042377;0.1176;8.5358;-4.116
1573554042397;-0.3038;9.2316;-5.0176
1573554042417;-1.1662;9.0748;-7.2421999999999995
1573554042437;-1.3719999999999999;7.9086;-6.8698
1573554042457;-1.4896;8.624;-5.7722
1573554042476;-1.0388;8.379;-4.7627999999999995
1573554042496;-0.0196;8.5456;-6.2328
1573554042516;-0.2352;7.9967999999999995;-6.6836
1573554042536;-0.7252;7.9086;-6.4778
1573554042556;-1.176;8.633799999999999;-6.5464
1573554042576;-1.519;8.379;-7.252
1573554042596;-1.421;8.016399999999999;-7.4284
1573554042616;-1.519;8.084999999999999;-7.7714
1573554042636;-1.1956;8.3496;-7.0462
1573554042656;-1.0388;9.261;-7.4578
1573554042676;-1.078;8.8788;-8.232
1573554042696;-1.421;7.595;-8.6828
1573554042716;-1.6072;8.0752;-8.967
1573554042736;-1.176;10.8486;-10.339
1573554042756;-1.0486;12.0246;-12.2598
1573554042776;-0.41159999999999997;10.3586;-12.3774
1573554042796;-0.6859999999999999;9.251199999999999;-11.936399999999999
1573554042816;-1.2935999999999999;10.535;-14.062999999999999
1573554042836;0.3136;12.5832;-16.562
1573554042856;-0.8428;17.1892;-23.1084
1573554042876;-1.3916;13.308399999999999;-15.915199999999999
1573554042896;-2.2736;2.891;-2.0776
1573554042916;-1.9404;1.7542;-3.9101999999999997
1573554042936;-0.245;4.3904;-9.016
1573554042956;0.8231999999999999;7.4479999999999995;-9.8882
1573554042976;-1.1074;10.5252;-9.5452
1573554042996;-1.176;11.240599999999999;-8.3986
1573554043016;-1.323;8.0066;-7.614599999999999
1573554043036;-2.4206;10.3096;-9.7706
1573554043056;-1.176;11.6424;-9.5354
1573554043076;-0.1764;10.0156;-7.938
1573554043096;-0.6566;9.4472;-7.595
1573554043116;-1.323;9.1924;-7.0854
1573554043135;-1.8228;9.1336;-6.9874
1573554043155;-1.4307999999999998;8.7808;-7.154
1573554043175;-1.029;8.5554;-6.811
1573554043195;-0.6272;8.8984;-7.007
1573554043215;-0.9506;8.1242;-6.7424
1573554043235;-1.2935999999999999;8.5946;-7.154
1573554043255;-1.1956;9.251199999999999;-7.0756
1573554043275;-1.0976;8.967;-6.9874
1573554043295;-1.0682;9.2806;-7.2421999999999995
1573554043315;-1.029;9.319799999999999;-6.7424
1573554043335;-0.882;8.575;-5.7722
1573554043355;-0.34299999999999997;8.7318;-5.791799999999999
1573554043375;-0.0196;7.8988;-5.047
1573554043395;-0.0196;6.566;-3.9396
1573554043415;-0.0098;5.733;-2.9204
1573554043435;-0.12739999999999999;5.145;-2.2246
1573554043455;-0.5684;5.1156;-2.058
1573554043475;-0.588;5.3704;-1.5484
1573554043495;-0.0882;5.5762;-0.5684
1573554043515;0.1764;4.8608;-0.6762
1573554043535;0.21559999999999999;3.6357999999999997;-0.5586
1573554043555;0;3.4594;-0.5684
1573554043575;-0.5978;4.018;-1.5386
1573554043595;-1.0976;3.6848;-1.5288
1573554043615;-1.47;3.1458;-1.5288
1573554043635;-1.323;2.7636;-2.0776
1573554043655;-0.6762;3.0576;-1.6072
1573554043675;0.0392;2.5578;0.1862
1573554043695;0.2744;3.2634;0.5194
1573554043715;0.9016;4.0376;0.0588
1573554043735;0.6859999999999999;3.8122;0.392
1573554043755;-0.1764;4.6354;-0.1666
1573554043775;-0.34299999999999997;5.585999999999999;-1.029
1573554043795;0.10779999999999999;8.1144;-3.9494
1573554043815;-0.3626;8.9572;-3.4104
1573554043835;-1.568;8.967;-4.2238
1573554043854;-1.8032;8.5946;-3.9494
1573554043874;-0.784;8.8886;-3.528
1573554043894;-0.735;10.280199999999999;-4.4002
1573554043914;-1.3328;9.9078;-5.0568
1573554043934;-1.2446;8.8298;-5.1842
1573554043954;-1.4896;7.9967999999999995;-3.7828
1573554043974;-1.1858;9.3982;-4.4492
1573554043994;-0.5684;9.604;-6.1936
1573554044014;-0.34299999999999997;9.1532;-6.066199999999999
1573554044034;-1.1466;9.163;-6.4092
1573554044054;-1.323;9.1434;-6.9384
1573554044074;-1.0191999999999999;9.2904;-6.4092
1573554044094;-1.2446;9.5158;-6.6248
1573554044114;-2.2441999999999998;10.2018;-7.5165999999999995
1573554044134;-1.911;10.2606;-8.4672
1573554044154;-1.2249999999999999;9.3982;-9.456999999999999
1573554044174;-1.0976;9.0944;-9.4766
1573554044194;-1.4896;9.604;-10.2312
1573554044214;-2.2441999999999998;10.3684;-11.720799999999999
1573554044234;-1.2935999999999999;10.6624;-12.132399999999999
1573554044254;-0.43119999999999997;10.1136;-12.1618
1573554044274;0.3136;8.6828;-12.7792
1573554044294;0.6762;9.7608;-14.0434
1573554044314;0.12739999999999999;12.6322;-16.238599999999998
1573554044334;-2.3813999999999997;18.8258;-24.8626
1573554044354;-4.0474;13.132;-17.3852
1573554044374;-2.6362;3.7828;-3.0772
1573554044394;-1.3621999999999999;3.3908;-3.822
1573554044414;-0.3332;4.5962;-8.1438
1573554044434;0.2646;6.9776;-9.4276
1573554044454;-0.8722;10.2018;-9.6432
1573554044474;-0.2744;12.9948;-9.3394
1573554044494;-2.9204;9.604;-8.918
1573554044514;-3.136;8.3888;-8.036
1573554044534;-0.9408;10.8878;-7.7909999999999995
1573554044554;-0.6566;12.004999999999999;-8.7514
1573554044573;-1.1956;9.506;-7.683199999999999
1573554044593;-1.1662;8.7808;-7.4676
1573554044613;-1.1956;8.5456;-6.859999999999999
1573554044633;-1.3621999999999999;8.9866;-5.4292
1573554044653;-1.617;9.8294;-5.8506
1573554044673;-1.6463999999999999;8.9474;-6.4386
1573554044693;-1.9012;8.8886;-6.6346
1573554044713;-1.8521999999999998;8.7514;-6.9384
1573554044733;-1.47;9.0748;-6.5758
1573554044753;-1.3426;9.731399999999999;-5.8016
1573554044773;-1.2642;9.5844;-6.0466
1573554044793;-1.2446;8.575;-5.5272
1573554044813;-1.1956;7.742;-4.3316
1573554044833;-1.0877999999999999;7.2128;-4.2924
1573554044853;-0.735;6.997199999999999;-3.5867999999999998
1573554044873;-0.392;5.9681999999999995;-1.7444
1573554044893;-0.3528;6.0172;-1.127
1573554044913;-0.294;5.997599999999999;-1.1956
1573554044933;-0.5684;4.9784;-0.833
1573554044953;-0.7252;4.8608;-1.127
1573554044973;-0.34299999999999997;4.5276;-0.9212
1573554044993;0.0686;4.1846;0.0196
1573554045013;0.3332;4.3218;0.1176
1573554045033;0.43119999999999997;4.5668;-0.9309999999999999
1573554045053;0.4018;4.2924;-1.9893999999999998
1573554045073;-0.2744;3.3516;-2.4892
1573554045093;-0.9898;2.401;-2.597
1573554045113;-1.1858;1.9012;-2.8322
1573554045133;-0.6272;2.1462;-0.6174
1573554045153;0.12739999999999999;3.0478;1.323
1573554045173;0.0098;3.7043999999999997;0.9016
1573554045193;0.0392;4.263;0.098
1573554045213;0.0098;4.5766;-0.4606
1573554045233;0.34299999999999997;5.5958;-1.8816
1573554045253;0.0196;7.2618;-1.1074
1573554045273;-0.5292;8.281;-2.9106
1573554045292;-0.8428;7.6734;-3.6456
1573554045312;-0.3626;9.4276;-4.508
1573554045332;-1.3621999999999999;8.2516;-4.6255999999999995
1573554045352;-1.8619999999999999;8.2712;-3.675
1573554045372;-0.9702;8.976799999999999;-3.4888
1573554045392;-0.3626;9.261;-4.6255999999999995
1573554045412;-1.421;9.4864;-5.4586
1573554045432;-2.5284;9.3688;-5.723199999999999
1573554045452;-1.519;8.084999999999999;-4.3904
1573554045472;-0.7056;8.9964;-5.8114
1573554045492;0.0392;9.3002;-6.4092
1573554045512;-0.1176;9.1434;-5.517399999999999
1573554045532;-0.9309999999999999;10.2704;-6.811
1573554045552;-1.274;9.4766;-8.3496
1573554045572;-1.7052;9.4472;-9.2904
1573554045592;-2.0188;10.4566;-8.7122
1573554045612;-1.764;11.926599999999999;-8.7514
1573554045632;-0.5978;11.377799999999999;-11.318999999999999
1573554045652;0.049;9.8392;-13.2104
1573554045672;-1.3328;8.5064;-12.3578
1573554045692;-2.6166;8.8004;-11.583599999999999
1573554045711;-1.5974;11.857999999999999;-16.758
1573554045731;1.4798;14.2198;-22.226399999999998
1573554045751;-0.1372;24.0002;-36.5246
1573554045771;-1.8326;9.7706;-18.1692
1573554045791;-2.9596;-0.8917999999999999;-0.7448
1573554045811;-0.7252;0.6859999999999999;-3.3516
1573554045831;0.4704;1.9207999999999998;-8.9866
1573554045851;1.0584;5.654599999999999;-8.7906
1573554045871;-1.029;10.0352;-9.662799999999999
1573554045891;-2.2638;13.6612;-10.0156
1573554045911;-1.1956;7.8106;-7.6636
1573554045931;-2.8714;8.976799999999999;-9.1924
1573554045951;-1.7149999999999999;12.054;-10.348799999999999
1573554045971;-0.0784;11.2112;-8.6142
1573554045991;-0.6174;9.9176;-7.7616
1573554046011;-1.0877999999999999;9.849;-8.2614
1573554046031;-1.2446;9.3786;-7.1442
1573554046051;-1.5288;9.8392;-7.1932
1573554046070;-1.2152;9.1238;-6.7326
1573554046090;-1.4602;9.702;-6.8796
1573554046110;-1.764;9.7118;-6.203399999999999
1573554046130;-1.8228;9.6922;-6.1936
1573554046150;-1.4405999999999999;9.702;-6.7424
1573554046170;-1.0584;9.6432;-6.8698
1573554046190;-0.5586;9.2904;-6.6052
1573554046210;-0.5488;7.9674;-5.4292
1573554046230;-0.392;7.1834;-4.1062
1573554046250;-0.2842;5.7036;-2.6656
1573554046270;-0.4704;5.1743999999999994;-2.2148
1573554046290;-0.6664;4.655;-2.1266
1573554046310;-0.5684;3.7632;-1.9698
1573554046330;-0.3332;2.1854;-1.0877999999999999
1573554046350;0.0392;1.3524;-0.9898
1573554046370;0.1764;1.8424;-2.0678
1573554046390;0.441;1.813;-2.5871999999999997
1573554046410;0.2842;2.1168;-1.9305999999999999
1573554046430;-0.32339999999999997;2.2834;-1.8424
1573554046450;-1.0191999999999999;2.8125999999999998;-2.7342
1573554046470;-1.0094;3.5084;-2.5185999999999997
1573554046490;-0.9114;4.2825999999999995;-1.4993999999999998
1573554046510;-0.7448;4.1846;-0.6566
1573554046530;-0.6272;3.577;0.1666
1573554046550;-0.5095999999999999;4.1944;-0.784
1573554046570;-0.0294;4.606;-1.0388
1573554046590;-0.0392;5.4978;0.0784
1573554046610;-0.8134;6.203399999999999;-2.2246
1573554046630;-0.5781999999999999;6.8894;-4.3806
1573554046650;-1.2249999999999999;8.908199999999999;-4.7432
1573554046670;-2.2736;7.4479999999999995;-2.4206
1573554046690;-0.9114;7.4578;-3.7142
1573554046710;-0.43119999999999997;8.8886;-4.6452
1573554046729;-0.098;9.2218;-5.2822
1573554046749;0.5194;9.0846;-4.4492
1573554046769;-0.5978;9.31;-4.6452
1573554046789;-1.7933999999999999;9.731399999999999;-5.7134
1573554046809;-1.5091999999999999;9.3982;-5.860399999999999
1573554046829;-0.8428;9.2022;-5.5468
1573554046849;-0.7545999999999999;10.211599999999999;-5.723199999999999
1573554046869;-1.323;9.9764;-6.2328
1573554046889;-1.2544;9.5354;-6.1053999999999995
1573554046909;-1.0486;10.682;-7.065799999999999
1573554046929;-1.519;9.7118;-8.036
1573554046949;-2.5284;9.212;-8.7612
1573554046969;-2.4794;10.4958;-8.379
1573554046989;-0.5781999999999999;10.9858;-9.0552
1573554047009;-0.0294;10.828999999999999;-11.0152
1573554047029;-0.8134;9.31;-12.8674
1573554047049;-1.8326;9.525599999999999;-11.9462
1573554047069;-2.4402;10.584;-11.377799999999999
1573554047089;-1.5288;9.4472;-13.9454
1573554047109;0.833;11.103399999999999;-17.1402
1573554047129;0.9603999999999999;17.1108;-23.304399999999998
1573554047148;-2.1755999999999998;20.971999999999998;-33.5258
1573554047168;-3.2144;1.5386;-2.891
1573554047188;-2.4696;3.0576;-0.9408
1573554047208;-0.9702;2.9497999999999998;-8.4672
1573554047228;0.5781999999999999;4.4197999999999995;-9.1924
1573554047248;0.049;7.7714;-9.4472
1573554047268;-1.568;13.1222;-10.094
1573554047288;-0.7252;10.2704;-8.7612
1573554047308;-3.2438;8.2614;-8.4378
1573554047328;-3.2046;10.623199999999999;-9.7608
1573554047348;-0.7252;10.78;-9.5354
1573554047368;-0.637;9.3394;-7.8106
1573554047388;-0.5292;9.163;-7.1638
1573554047408;-1.2348;9.4276;-7.0363999999999995
1573554047428;-1.9012;9.3688;-7.252
1573554047448;-1.8914;9.2022;-7.7812
1573554047468;-1.8424;9.4962;-7.3598
1573554047488;-1.9502;8.8298;-6.4386
1573554047507;-2.0972;9.8588;-6.9874
1573554047527;-1.2838;9.0258;-5.5076
1573554047547;-0.6566;9.8784;-6.1544
1573554047567;-0.3332;8.0458;-4.8118
1573554047587;-0.6467999999999999;7.2128;-3.8808
1573554047607;-1.0486;7.1442;-3.2241999999999997
1573554047627;-1.2249999999999999;5.5272;-2.4696
1573554047647;-0.9016;5.0764;-1.9404
1573554047667;-0.1764;4.7922;-2.0188
1573554047687;0.1666;3.8024;-0.7252
1573554047707;0.0294;3.92;-0.6958
1573554047727;0.049;3.2634;-0.6076
1573554047747;-0.1764;2.4499999999999997;-0.21559999999999999
1573554047767;-0.32339999999999997;2.4892;-0.539
1573554047787;-0.0392;3.0673999999999997;-1.7149999999999999
1573554047807;0.1666;3.3908;-2.1952
1573554047827;0;3.822;-2.8125999999999998
1573554047847;-0.4704;3.675;-2.401
1573554047867;-0.9408;3.5181999999999998;-1.4405999999999999
1573554047887;-0.43119999999999997;3.528;-0.098
1573554047907;-0.0294;3.6652;0.7252
1573554047927;0.0588;4.165;0.4704
1573554047947;-0.2744;4.116;0.5586
1573554047967;-0.9212;3.5181999999999998;0.0098
1573554047987;-0.48019999999999996;4.9098;-1.6758
1573554048007;-0.1764;6.5562;-2.2441999999999998
1573554048027;-0.1764;8.5162;-2.2932
1573554048047;-0.833;7.9967999999999995;-4.0081999999999995
1573554048067;-1.4798;9.0944;-4.8706
1573554048087;-0.3332;8.3692;-4.655
1573554048107;-0.9309999999999999;7.9772;-3.3124
1573554048127;-0.294;9.525599999999999;-4.6941999999999995
1573554048146;-0.2842;9.016;-4.7824
1573554048166;-1.0877999999999999;8.673;-4.263
1573554048186;-1.8816;8.3888;-5.5076
1573554048206;-1.5974;8.8984;-4.9392
1573554048226;-0.9309999999999999;10.4664;-5.7428
1573554048246;-1.2152;10.8094;-6.5072
1573554048266;-2.4206;10.1724;-7.5754
1573554048286;-2.548;9.6236;-7.957599999999999
1573554048306;-1.764;9.8392;-7.7126
1573554048326;-1.421;11.0152;-9.0258
1573554048346;-1.0191999999999999;12.475399999999999;-10.6428
1573554048366;-0.2744;12.475399999999999;-11.6914
1573554048386;-1.0094;10.828999999999999;-12.4264
1573554048406;-1.7542;9.6138;-11.7502
1573554048426;-1.1466;9.6824;-11.5738
1573554048446;-0.098;9.702;-14.131599999999999
1573554048466;0.5978;10.5056;-17.0912
1573554048486;-0.245;18.2084;-24.0394
1573554048506;-2.156;23.0692;-35.9856
1573554048526;-2.1168;0.21559999999999999;-0.6958
1573554048546;-1.8424;2.695;-0.9506
1573554048565;-1.4798;1.2935999999999999;-8.0066
1573554048585;-0.7938;4.1846;-8.8788
1573554048605;-0.3724;8.4182;-9.212
1573554048625;-0.7252;14.209999999999999;-10.4566
1573554048645;-0.5292;9.702;-8.3104
1573554048665;-3.4495999999999998;8.477;-8.379
1573554048685;-3.6848;10.1528;-9.1924
1573554048705;-1.0094;10.437;-9.388399999999999
1573554048725;-0.48019999999999996;9.9764;-8.0458
1573554048745;-0.5194;9.6726;-7.938
1573554048765;-1.2249999999999999;9.3982;-7.3696
1573554048785;-1.7835999999999999;9.0258;-6.8404
1573554048805;-2.2148;9.8294;-6.1936
1573554048825;-2.254;10.3096;-7.1049999999999995
1573554048845;-2.2441999999999998;9.3982;-7.1442
1573554048865;-2.1462;9.359;-6.9188
1573554048885;-1.5288;9.6922;-6.8502
1573554048905;-0.735;9.702;-6.615
1573554048924;-0.6272;8.33;-5.723199999999999
1573554048944;-1.2054;6.9677999999999995;-4.4883999999999995
1573554048964;-1.3524;5.5076;-2.352
1573554048984;-0.8526;5.3998;-1.9305999999999999
1573554049004;-0.34299999999999997;4.8804;-1.8521999999999998
1573554049024;-0.3332;4.6941999999999995;-2.0383999999999998
1573554049044;-0.5781999999999999;4.1944;-1.47
1573554049064;-0.5488;2.9792;-0.0588
1573554049084;-0.0882;2.5578;0.5488
1573554049104;0.0588;3.0968;-0.7742
1573554049124;0.1764;2.401;-2.0874
1573554049144;0.5292;2.401;-2.0776
1573554049164;0.539;3.4692;-2.4108
1573554049184;0.0196;4.0866;-2.9497999999999998
1573554049204;-0.588;3.7729999999999997;-2.1854
1573554049224;-0.735;4.018;-1.568
1573554049244;-0.4018;4.2139999999999995;-0.1176
1573554049264;-1.2152;4.067;1.4014
1573554049284;-1.8816;4.5178;0.8526
1573554049304;-0.6272;4.4883999999999995;-0.10779999999999999
1573554049324;-0.1568;4.998;-1.7444
1573554049344;0.0784;4.9294;-1.7738
1573554049364;-0.25479999999999997;5.0666;-2.891
1573554049384;-1.3426;5.341;-2.4696
1573554049404;-0.9016;8.1242;-4.7726
1573554049424;0.5586;7.751799999999999;-5.3214
1573554049444;-0.7448;7.35;-3.7142
1573554049464;-1.4504;9.359;-4.6354
1573554049484;-0.9309999999999999;9.251199999999999;-4.4982
1573554049504;-0.196;9.182599999999999;-5.7722
1573554049524;-0.9898;8.496599999999999;-5.0274
1573554049544;-1.7835999999999999;9.6922;-5.723199999999999
1573554049564;-1.47;9.4668;-6.762
1573554049583;-1.3524;10.094;-6.027
1573554049603;-1.7052;10.5056;-6.5072
1573554049623;-2.4108;9.7412;-8.1732
1573554049643;-2.0776;8.9572;-7.9086
1573554049663;-1.3818;10.3978;-8.7906
1573554049683;-1.3426;10.9466;-10.5938
1573554049703;-1.4993999999999998;11.8972;-11.6914
1573554049723;-1.8032;12.5734;-12.0932
1573554049743;-2.1069999999999998;12.2206;-12.279399999999999
1573554049763;-2.2148;9.996;-12.1618
1573554049783;-0.3626;8.9278;-13.3574
1573554049803;2.1266;10.0156;-16.0916
1573554049823;2.254;14.141399999999999;-20.5212
1573554049843;-3.1654;27.881;-35.3878
1573554049863;-5.1842;6.223;-9.2022
1573554049883;-3.4594;2.5185999999999997;-0.6467999999999999
1573554049903;-1.3621999999999999;4.2825999999999995;-6.7032
1573554049923;0.21559999999999999;4.0866;-9.1336
1573554049943;0.637;6.2916;-8.9474
1573554049963;-0.43119999999999997;10.8486;-9.0944
1573554049983;-0.6859999999999999;12.7694;-8.7416
1573554050002;-2.6166;8.1928;-8.4476
1573554050022;-2.989;9.7412;-9.898
1573554050042;-0.32339999999999997;10.2312;-8.6926
1573554050062;-0.3724;9.9176;-7.6048
1573554050082;-0.6664;9.1924;-7.8302
1573554050102;-0.833;8.7808;-8.575
1573554050122;-1.0877999999999999;9.045399999999999;-7.5754
1573554050142;-1.7933999999999999;9.31;-7.0168
1573554050162;-2.1266;9.5746;-6.5758
1573554050182;-2.1658;9.653;-6.5562
1573554050202;-1.7542;9.594199999999999;-7.4578
1573554050222;-1.127;9.212;-8.0654
1573554050242;-1.078;8.3202;-7.1246
1573554050262;-1.0486;7.0462;-5.0371999999999995
1573554050282;-1.1368;5.9094;-2.9301999999999997
1573554050302;-1.2935999999999999;5.4193999999999996;-1.9698
1573554050322;-0.8526;4.9784;-2.2344
1573554050342;-0.49979999999999997;4.655;-2.401
1573554050361;-0.4508;3.8318;-1.7149999999999999
1573554050381;-0.32339999999999997;2.8028;-0.8428
1573554050401;-0.0098;3.3908;-1.274
1573554050421;-0.1568;3.234;-0.43119999999999997
1573554050441;-0.3332;2.9987999999999997;-1.029
1573554050461;0.049;2.9987999999999997;-2.5578
1573554050481;0.0392;2.8714;-2.597
1573554050501;-0.3136;2.8714;-2.3226
1573554050521;-0.5488;2.891;-2.6264
1573554050541;-0.735;3.2144;-2.0874
1573554050561;-0.3626;3.7632;-1.0388
1573554050581;-0.32339999999999997;4.7922;-0.0196
1573554050601;-0.6272;4.2238;-0.4606
1573554050621;-0.4704;3.4888;-0.245
1573554050641;-0.098;4.802;-1.3132
1573554050661;0.6174;6.1739999999999995;-2.0678
1573554050681;0.4606;6.7522;-0.4018
1573554050701;-0.8231999999999999;6.4974;-1.5484
1573554050720;-1.3621999999999999;8.3006;-4.6158
1573554050740;-0.8623999999999999;7.6244;-5.7623999999999995
1573554050760;-1.2054;7.8595999999999995;-4.6255999999999995
1573554050780;-1.5288;8.0556;-2.7146
1573554050800;-0.735;8.8004;-3.7338
1573554050820;0.4018;8.5064;-4.0474
1573554050840;-0.147;9.1924;-6.076
1573554050860;-1.6856;8.8494;-5.3998
1573554050880;-1.8816;8.770999999999999;-5.5076
1573554050900;-0.4018;10.1528;-5.585999999999999
1573554050920;-0.34299999999999997;10.927;-7.0756
1573554050940;-2.0383999999999998;9.7902;-8.1634
1573554050960;-3.283;9.5746;-6.6052
1573554050980;-2.2834;9.9862;-6.811
1573554051000;-1.0191999999999999;10.192;-8.7612
1573554051020;-1.1172;11.240599999999999;-11.2896
1573554051040;-2.0383999999999998;12.1226;-12.1716
1573554051060;-2.1854;13.1614;-11.76
1573554051079;-1.3818;13.102599999999999;-12.2598
1573554051099;-0.2646;11.240599999999999;-14.504
1573554051119;1.323;9.555;-17.101
1573554051139;2.597;12.0834;-21.0308
1573554051159;-1.9991999999999999;27.3812;-35.0938
1573554051179;-5.2626;8.9376;-15.091999999999999
1573554051199;-4.5374;-0.6859999999999999;0.2744
1573554051219;-2.0188;4.2238;-3.9004
1573554051239;0.4704;3.0673999999999997;-8.3398
1573554051259;0.7644;5.0371999999999995;-9.2218
1573554051279;-0.6272;8.4476;-8.359399999999999
1573554051299;-0.3136;14.0826;-9.506
1573554051319;-0.294;10.2998;-8.526
1573554051339;-4.2825999999999995;9.4374;-9.0356
1573554051359;-1.5288;10.094;-9.2414
1573554051379;0.147;10.005799999999999;-8.2516
1573554051399;-0.6272;9.2708;-7.4479999999999995
1573554051419;-0.7056;8.839599999999999;-7.2324
1573554051439;-0.539;9.4864;-6.722799999999999
1573554051459;-1.4798;10.0156;-7.1442
1573554051479;-2.2736;9.456999999999999;-6.4386
1573554051499;-2.6264;9.113999999999999;-6.4288
1573554051519;-1.8032;9.3002;-6.4778
1573554051539;-1.0584;9.3296;-6.8306
1573554051559;-0.7742;9.2708;-6.762
1573554051579;-0.7252;8.281;-5.928999999999999
1573554051599;-1.127;6.9776;-4.116
1573554051619;-1.1858;6.4288;-2.9008
1573554051639;-1.0486;5.2332;-2.1069999999999998
1573554051659;-0.9898;4.8118;-2.1168
1573554051679;-0.8428;4.4883999999999995;-2.3226
1573554051699;-0.735;4.5766;-1.3818
1573554051719;-0.7742;4.5962;-0.49
1573554051738;-0.8917999999999999;4.802;-1.1368
1573554051758;-1.47;4.9196;-2.0383999999999998
1573554051778;-1.7346;4.6648;-2.1658
1573554051798;-0.9016;4.6354;-1.6366
1573554051818;0.1666;4.8804;-0.3626
1573554051838;0.1666;6.223;-0.2646
1573554051858;-0.6762;7.271599999999999;-0.9898
1573554051878;-1.3621999999999999;7.5362;-0.2646
1573554051898;-0.49;7.8694;1.0877999999999999
1573554051918;0.3822;9.594199999999999;1.8326
1573554051938;0.6467999999999999;10.3586;1.6954
1573554051958;0.5488;10.731;2.0678
1573554051978;1.1466;10.4958;2.8028
1573554051998;1.1172;10.0548;3.1654
1573554052018;0.7056;10.1332;2.6166
1573554052038;0.4214;9.7412;2.3127999999999997
1573554052058;-0.245;8.7808;2.4598
1573554052078;-0.98;8.6044;2.646
1573554052098;-1.1563999999999999;9.182599999999999;2.6754
1573554052118;-1.1172;9.8294;2.6754
1573554052138;-1.0976;10.2312;2.7538
1573554052157;-1.1074;10.5742;3.136
1573554052177;-0.7056;10.2998;3.5671999999999997
1573554052197;-0.4018;10.4664;2.4108
1573554052217;-0.32339999999999997;10.0254;2.9596
1573554052237;-1.176;8.9278;2.9008
1573554052257;-2.058;9.0552;3.1948
1573554052277;-2.4499999999999997;8.839599999999999;2.646
1573554052297;-2.5578;8.6142;2.9694
1573554052317;-2.8615999999999997;8.908199999999999;3.2144
1573554052337;-2.989;9.4962;2.8322
1573554052357;-2.7243999999999997;9.4276;3.283
1573554052377;-2.6557999999999997;8.4672;3.7239999999999998
1573554052397;-2.3324;9.3492;4.0866
1573554052417;-2.0482;9.6432;3.6946
1573554052437;-1.8816;8.9964;3.3418
1573554052457;-1.8326;8.624;3.4985999999999997
1573554052477;-1.9502;8.5456;3.6456
1573554052497;-2.0874;8.4084;3.8415999999999997
1573554052516;-2.1854;8.3104;3.7925999999999997
1573554052536;-2.0972;8.016399999999999;3.9101999999999997
1573554052556;-1.9404;8.3006;4.0866
1573554052576;-2.1168;8.722;3.8415999999999997
1573554052596;-2.2344;8.7318;3.528
1573554052616;-2.2736;8.8886;3.2634
1573554052636;-2.2834;9.1336;3.2241999999999997
1573554052656;-2.2932;9.1924;3.3124
1573554052676;-2.2638;9.319799999999999;3.3908
1573554052696;-2.2344;9.4472;3.2634
1573554052716;-2.1658;9.456999999999999;3.381
1573554052736;-2.3813999999999997;10.1724;2.7342
1573554052756;-2.401;8.565199999999999;3.5574
1573554052776;-2.4108;9.1924;3.1458
1573554052796;-2.401;9.6726;3.1654
1573554052816;-2.5284;9.525599999999999;3.1948
1573554052836;-2.6852;9.506;2.5774
1573554052856;-2.7734;9.4766;2.4696
1573554052876;-2.7342;9.359;2.7734
1573554052896;-2.5284;9.898;2.3716
1573554052916;-2.4499999999999997;9.702;2.1854
1573554052936;-2.3127999999999997;9.6138;1.8424
1573554052956;-1.5091999999999999;9.4864;1.9698
1573554052976;-1.1563999999999999;9.2904;2.1364
1573554052996;-1.1662;9.4178;2.1854
1573554053016;-1.2446;9.4962;2.205
1573554053036;-1.0877999999999999;9.1728;1.9991999999999999
1573554053056;-0.6076;9.163;1.4896
1573554053076;-0.0882;8.8886;1.7835999999999999
1573554053096;0.4606;9.388399999999999;1.2152
1573554053116;0.8722;9.3002;2.058
1573554053136;0.8231999999999999;9.5158;2.1266
1573554053156;0.6859999999999999;10.005799999999999;2.2638
1573554053175;0.49979999999999997;10.437;2.3618
1573554053195;0.41159999999999997;10.4958;2.7048
1573554053215;0.392;10.6624;2.597
1573554053235;0.32339999999999997;10.1724;2.4304
1573554053255;0.25479999999999997;9.702;2.3422
1573554053275;0.1862;9.555;2.1364
1573554053295;0.3724;9.2806;2.1854
1573554053315;0.588;9.1238;2.0383999999999998
1573554053335;0.784;9.045399999999999;2.0383999999999998
1573554053355;0.784;8.976799999999999;2.1168
1573554053375;0.6566;9.1532;2.3422
1573554053395;0.4214;9.2904;2.5382
1573554053415;0.3136;9.506;2.6264
1573554053435;0.21559999999999999;9.5452;2.695
1573554053455;0.196;9.555;3.1654
1573554053475;0.196;9.6334;2.7832
1573554053495;0.049;9.5452;2.6068
1573554053515;-0.0686;9.4374;2.7342
1573554053535;-0.1666;9.3394;3.0673999999999997
1573554053555;-0.20579999999999998;9.5844;3.6064
1573554053575;-0.2744;9.4178;4.0376
1573554053595;-0.10779999999999999;9.016;3.3908
1573554053615;-0.0196;9.0944;3.0673999999999997
1573554053635;0.0294;9.2316;3.7338
1573554053655;-0.0098;9.525599999999999;4.312
1573554053675;-0.1176;9.5648;4.1846
1573554053695;-0.1372;9.6236;3.969
1573554053715;-0.1372;10.0254;4.3218
1573554053735;-0.147;11.5444;4.4197999999999995
1573554053755;-0.49979999999999997;10.897599999999999;4.1258
1573554053775;-0.637;9.2904;3.3222
1573554053795;-0.1372;9.1924;1.911
1573554053815;0.1764;9.0748;2.3226
1573554053835;0.3822;8.9474;3.4006
1573554053855;0.1568;8.9474;3.5181999999999998
1573554053875;-0.0098;8.908199999999999;2.9497999999999998
1573554053894;-0.392;8.183;2.4892
1573554053914;-0.8526;7.3107999999999995;3.3026
1573554053934;-1.1172;8.3986;3.7338
1573554053954;-1.176;9.2316;3.6848
1573554053974;-1.127;9.1434;3.675
1573554053994;-0.8722;9.1924;3.871
1573554054014;-0.8917999999999999;9.5158;4.312
1573554054034;-1.0388;9.6432;4.6648
1573554054054;-1.078;9.3296;4.9588
1573554054074;-1.0486;8.976799999999999;5.0764
1573554054094;-1.0486;8.702399999999999;5.1057999999999995
1573554054114;-1.1858;8.6828;5.145
1573554054134;-1.2544;8.5946;5.0568
1573554054154;-1.2446;8.6436;4.851
1573554054174;-1.2152;8.575;4.4688
1573554054194;-1.1466;8.4182;4.3806
1573554054214;-1.0682;8.427999999999999;4.2924
1573554054234;-1.1563999999999999;8.5162;4.0278
1573554054254;-1.2054;8.4868;4.1944
1573554054274;-1.2249999999999999;9.0552;3.5084
1573554054294;-1.2152;7.7322;4.3414
1573554054314;-1.3818;8.4182;4.7726
1573554054334;-1.4798;9.4276;4.4296
1573554054354;-1.5777999999999999;9.0062;4.1062
1573554054374;-1.7444;8.7416;3.9983999999999997
1573554054394;-1.7149999999999999;8.7808;3.8906
1573554054414;-1.7738;8.8102;3.5966
1573554054434;-1.8816;8.722;3.6162
1573554054454;-1.9404;8.9964;3.4692
1573554054474;-1.8619999999999999;9.0356;3.7534
1573554054494;-1.6954;9.525599999999999;3.5867999999999998
1573554054514;-1.421;9.6432;3.6456
1573554054534;-1.176;9.653;3.8024
1573554054554;-0.9016;9.7412;3.4202
1573554054574;-0.8231999999999999;10.2214;2.9204
1573554054594;-1.0191999999999999;10.2508;3.2732
1573554054613;-0.8722;9.9078;3.0282
1573554054633;-0.6958;9.4472;2.989
1573554054653;-0.5488;9.4962;2.2246
1573554054673;-0.41159999999999997;7.8988;2.9301999999999997
1573554054693;-0.4018;8.3496;2.891
1573554054713;-0.41159999999999997;9.4472;2.2344
1573554054733;-0.5194;9.016;2.205
1573554054753;-0.441;9.1434;2.2344
1573554054773;-0.294;9.388399999999999;2.3716
1573554054793;-0.10779999999999999;9.5746;2.2638
1573554054813;-0.0392;9.5354;2.2246
1573554054833;-0.0196;9.4766;2.3912
1573554054853;-0.0882;9.456999999999999;2.6754
1573554054873;-0.098;9.555;2.6166
1573554054893;-0.1176;9.5354;2.548
1573554054913;-0.1176;9.456999999999999;2.499
1573554054933;-0.0098;9.3688;2.4499999999999997
1573554054953;0.0784;9.4766;2.646
1573554054973;0.1666;9.4962;2.8224
1573554054993;0.1862;9.5354;2.3716
1573554055013;0.294;9.2022;2.8224
1573554055033;0.49979999999999997;9.731399999999999;2.352
1573554055053;0.6566;9.2414;2.7342
1573554055073;0.6076;9.0552;2.9987999999999997
1573554055093;0.5292;10.0548;2.254
1573554055113;0.5095999999999999;9.7902;2.1658
1573554055133;0.6076;9.8294;2.3422
1573554055153;0.882;9.8882;2.4696
1573554055173;0.9114;9.9666;2.5185999999999997
1573554055193;0.8134;9.6236;2.4402
1573554055213;0.7448;9.4962;2.3813999999999997
1573554055233;0.7938;9.3002;2.4304
1573554055253;0.6566;9.163;2.695
1573554055273;0.5194;9.456999999999999;2.6557999999999997
1573554055293;0.3724;9.594199999999999;2.6754
1573554055313;0.0686;9.8098;2.548
1573554055332;-0.049;9.9568;2.6754
1573554055352;0.0392;10.0156;2.9497999999999998
1573554055372;-0.2352;9.7412;2.7538
1573554055392;-0.9309999999999999;9.3688;3.626
1573554055412;-1.2642;9.8588;3.0968
1573554055432;-1.3818;8.0066;2.7538
1573554055452;-1.2544;7.2814;2.94
1573554055472;-0.8722;8.3888;2.499
1573554055492;-0.588;8.6926;2.5676
1573554055512;-0.5488;8.9474;2.695
1573554055532;-0.6174;9.3296;3.0086
1573554055552;-0.9506;9.7412;2.8322
1573554055572;-1.0976;10.005799999999999;2.9204
1573554055592;-1.127;10.1234;3.1555999999999997
1573554055612;-1.176;9.8784;3.2732
1573554055632;-1.1466;9.7902;3.3908
1573554055652;-1.1466;9.604;3.8906
1573554055672;-1.1858;9.5746;3.7729999999999997
1573554055692;-1.3328;9.525599999999999;3.6357999999999997
1573554055712;-1.6463999999999999;9.5158;3.4006
1573554055732;-1.6463999999999999;9.3394;3.4006
1573554055752;-1.7444;9.319799999999999;2.9596
1573554055772;-1.666;9.3002;3.479
1573554055792;-1.8228;9.6138;3.038
1573554055812;-1.911;8.633799999999999;3.1164
1573554055832;-1.9404;8.8298;3.577
1573554055852;-1.9502;9.3002;3.5378
1573554055872;-2.0678;9.3394;3.3222
1573554055892;-2.2148;9.3688;3.4888
1573554055912;-2.2441999999999998;9.3492;3.6946
1573554055932;-2.1952;9.6922;3.6652
1573554055952;-2.1952;9.6432;3.4398
1573554055972;-2.156;9.4766;3.3712
1573554055992;-1.7542;9.2022;3.5966
1573554056012;-1.3426;8.8298;3.3908
1573554056031;-1.1368;8.526;3.6456
1573554056051;-1.1172;8.575;3.3613999999999997
1573554056071;-1.078;8.575;3.3516
1573554056091;-0.882;8.565199999999999;3.4692
1573554056111;-0.7938;8.7612;3.5084
1573554056131;-0.8917999999999999;8.7808;3.136
1573554056151;-0.8623999999999999;8.918;3.528
1573554056171;-0.9995999999999999;8.8984;3.5966
1573554056191;-1.0094;8.82;3.528
1573554056211;-0.8428;8.976799999999999;3.577
1573554056231;-0.6958;8.9964;3.871
1573554056251;-0.588;8.7122;3.7925999999999997
1573554056271;-0.5586;8.6632;3.5867999999999998
1573554056291;-0.5684;8.6534;3.4398
1573554056311;-0.5684;8.9474;3.3613999999999997
1573554056331;-0.49979999999999997;8.9572;3.136
1573554056351;-0.5095999999999999;9.113999999999999;3.0772
1573554056371;-0.5292;9.3002;3.2927999999999997
1573554056391;-0.4214;9.5648;3.5476
1573554056411;-0.2352;9.7118;3.7632
1573554056431;-0.196;9.947;3.871
1573554056451;-0.1764;10.045;3.969
1573554056471;-0.1666;10.0254;4.0081999999999995
1573554056491;-0.1666;9.9568;4.0964
1573554056511;-0.1862;9.8196;3.8514
1573554056531;-0.1862;9.6432;4.0376
1573554056551;-0.245;9.525599999999999;3.822
1573554056571;-0.1862;9.3786;3.4398
1573554056591;-0.1372;9.6922;3.1164
1573554056611;-0.3136;9.3982;3.1164
1573554056631;-0.49;8.8592;2.9596
1573554056651;-0.49979999999999997;8.9376;2.8518
1573554056671;-0.5586;8.869;2.7832
1573554056691;-0.6076;8.8984;2.7146
1573554056711;-0.6174;8.967;2.7538
1573554056731;-0.5781999999999999;9.0356;2.7342
1573554056750;-0.5194;9.1532;2.695
1573554056770;-0.4214;9.3982;2.7243999999999997
1573554056790;-0.3528;9.5648;3.0576
1573554056810;-0.3822;9.594199999999999;3.4594
1573554056830;-0.294;9.604;3.4006
1573554056850;-0.21559999999999999;9.594199999999999;3.3222
1573554056870;-0.2254;9.653;3.2438
1573554056890;-0.196;9.4276;3.1458
1573554056910;-0.1372;9.4276;3.5867999999999998
1573554056930;-0.2254;9.045399999999999;4.0474
1573554056950;-0.3038;9.0944;3.6456
1573554056970;-0.3626;9.251199999999999;3.5181999999999998
1573554056990;-0.49;9.261;3.8611999999999997
1573554057010;-0.5194;9.261;3.7338
1573554057030;-0.43119999999999997;9.2022;3.6553999999999998
1573554057050;-0.3626;9.163;3.7925999999999997
1573554057070;-0.3038;9.0846;4.5569999999999995
1573554057090;-0.3136;8.8494;4.4492
1573554057110;-0.2744;8.770999999999999;3.9983999999999997
1573554057130;-0.245;8.5848;4.0081999999999995
1573554057150;-0.21559999999999999;8.6436;3.9787999999999997
1573554057170;-0.3136;8.722;4.41
1573554057190;-0.3822;8.6534;4.6844
1573554057210;-0.2842;8.5946;4.3511999999999995
1573554057230;-0.1764;8.5946;4.3316
1573554057250;-0.32339999999999997;8.7808;4.2238
1573554057270;-0.2646;8.722;4.655
1573554057290;-0.2646;9.4374;4.2825999999999995
1573554057310;-0.4606;8.2614;4.6844
1573554057330;-0.5194;8.5456;4.8902
1573554057350;-0.49;8.7416;4.8412
1573554057370;-0.6076;8.575;4.7432
1573554057390;-0.7938;8.5554;4.2825999999999995
1573554057410;-0.7742;8.4868;4.3218
1573554057430;-0.8231999999999999;8.5946;4.4786
1573554057450;-0.7252;8.6632;4.6255999999999995
1573554057469;-0.7252;8.624;4.6648
1573554057489;-0.7448;8.526;4.7922
1573554057509;-0.637;8.6044;4.9294
1573554057529;-0.6664;8.8494;4.6941999999999995
1573554057549;-0.6566;8.6142;4.5472
1573554057569;-0.7252;8.575;4.4492
1573554057589;-0.7153999999999999;8.5946;4.508
1573554057609;-0.6958;8.5946;4.7334
1573554057629;-0.8526;8.7808;4.6648
1573554057649;-0.6958;8.82;4.851
1573554057669;-0.6958;9.31;4.2139999999999995
1573554057689;-0.6859999999999999;8.1046;4.459
1573554057709;-0.6076;8.565199999999999;4.8902
1573554057729;-0.5488;8.908199999999999;4.7824
1573554057749;-0.5586;8.477;4.6746
1573554057769;-0.5488;8.526;4.1944
1573554057789;-0.6174;8.6926;3.6652
1573554057809;-0.6467999999999999;8.6828;3.8122
1573554057829;-0.5684;8.8886;4.0376
1573554057849;-0.4606;8.9278;4.3022
1573554057869;-0.4606;9.045399999999999;4.5864
1573554057889;-0.5095999999999999;9.1532;4.508
1573554057909;-0.5488;9.1336;4.2238
1573554057929;-0.5684;9.016;4.1258
1573554057949;-0.5586;8.9278;4.1944
1573554057969;-0.5586;8.770999999999999;4.2825999999999995
1573554057989;-0.5292;8.633799999999999;4.4296
1573554058009;-0.6076;8.918;3.6064
1573554058029;-0.4704;8.7122;3.9592
1573554058049;-0.539;9.2904;4.0081999999999995
1573554058069;-0.588;8.6926;3.8611999999999997
1573554058089;-0.6076;8.9376;4.1552
1573554058109;-0.5488;9.1434;4.1453999999999995
1573554058129;-0.6272;9.016;4.0866
1573554058149;-0.6272;8.908199999999999;3.9494
1573554058169;-0.588;8.6632;3.9494
1573554058188;-0.6664;8.7808;3.5867999999999998
1573554058208;-0.6467999999999999;8.7318;3.3908
1573554058228;-0.5095999999999999;8.5358;3.8318
1573554058248;-0.4508;8.5456;3.8024
1573554058268;-0.5095999999999999;8.624;3.871
1573554058288;-0.5488;8.967;3.871
1573554058308;-0.5684;9.113999999999999;3.8024
1573554058328;-0.539;9.1238;3.9983999999999997
1573554058348;-0.48019999999999996;9.4276;4.0474
1573554058368;-0.5586;9.525599999999999;4.263
1573554058388;-0.6958;9.5354;4.2139999999999995
1573554058408;-0.7252;9.731399999999999;4.4002
1573554058428;-0.7742;9.4178;4.5962
1573554058448;-0.4704;9.4766;4.4688
1573554058468;-0.10779999999999999;9.5648;4.2728
1573554058488;0.10779999999999999;9.5354;4.165
1573554058508;-0.098;9.1434;4.508
1573554058528;-0.32339999999999997;9.065;4.4883999999999995
1573554058548;-0.196;9.2708;4.5472
1573554058568;-0.0588;9.3492;4.5276
1573554058588;-0.245;8.633799999999999;3.7925999999999997
1573554058608;-0.6076;8.8886;2.2736
1573554058628;-0.21559999999999999;8.9572;2.5185999999999997
1573554058648;-0.245;9.3002;2.5578
1573554058668;-0.5684;9.2218;2.8125999999999998
1573554058688;-0.6467999999999999;9.1042;2.9106
1573554058708;-0.6467999999999999;9.0846;2.9008
1573554058728;-0.6566;9.0944;2.9204
1573554058748;-0.6859999999999999;9.4472;2.94
1573554058768;-0.6859999999999999;9.4962;2.9694
1573554058788;-0.49;9.506;2.9596
1573554058808;-0.637;9.1532;3.0282
1573554058828;-0.6859999999999999;9.359;2.7538
1573554058848;-0.7056;9.408;2.5774
1573554058868;-0.4704;9.4374;2.94
1573554058888;-0.4018;9.555;2.8125999999999998
1573554058907;-0.3038;9.3688;2.4108
1573554058927;-0.43119999999999997;9.2316;2.3422
1573554058947;-0.49979999999999997;9.4276;2.597
1573554058967;-0.637;9.525599999999999;2.548
1573554058987;-0.7742;9.5354;2.4499999999999997
1573554059007;-0.6958;9.3296;2.597
1573554059027;-0.7153999999999999;9.359;2.4598
1573554059047;-0.833;9.31;2.009
1573554059067;-1.0388;9.4374;2.0874
1573554059087;-0.9309999999999999;10.0156;2.058
1573554059107;-0.5978;10.074399999999999;2.4794
1573554059127;-0.637;9.9764;2.4402
1573554059147;-0.7742;9.6236;2.1755999999999998
1573554059167;-1.078;9.5746;2.548
1573554059187;-1.1563999999999999;9.6334;2.4499999999999997
1573554059207;-1.0388;9.594199999999999;2.5382
1573554059227;-0.6467999999999999;9.6236;2.4598
1573554059247;-0.41159999999999997;9.555;2.4794
1573554059267;-0.3822;9.5452;2.352
1573554059287;-0.3822;9.6922;2.2441999999999998
1573554059307;-0.4214;9.8098;2.205
1573554059327;-0.5586;9.594199999999999;2.499
1573554059347;-0.637;9.6922;2.4499999999999997
1573554059367;-0.6859999999999999;9.8784;2.1462
1573554059387;-0.6272;9.8294;2.009
1573554059407;-0.5978;9.6138;2.3226
1573554059427;-0.588;9.5648;2.6557999999999997
1573554059447;-0.5684;9.604;2.3716
1573554059467;-0.539;9.6236;2.597
1573554059487;-0.5194;9.6138;2.8028
1573554059507;-0.539;9.5648;2.4892
1573554059527;-0.3626;9.5746;2.6068
1573554059547;-0.3038;9.4178;2.499
1573554059567;-0.1862;9.0846;3.1066
1573554059587;-0.1372;9.2414;3.7729999999999997
1573554059607;-0.0588;9.4962;3.5378
1573554059626;0.0686;9.319799999999999;3.3418
1573554059646;0.0098;9.1336;3.4692
1573554059666;0.0294;9.2022;3.3712
1573554059686;-0.0196;9.319799999999999;3.3908
1573554059706;-0.0196;9.1728;3.7436
1573554059726;0.049;9.1924;3.9297999999999997
1573554059746;0.049;9.212;3.9004
1573554059766;-0.0196;9.1728;3.8024
1573554059786;-0.0882;9.0944;3.7828
1573554059806;-0.0784;9.0846;3.7925999999999997
1573554059826;-0.10779999999999999;8.967;3.9297999999999997
1573554059846;-0.0196;8.7416;4.1258
1573554059866;0;8.8788;4.0081999999999995
1573554059886;0.098;8.8788;4.263
1573554059906;0.1176;9.506;3.871
1573554059926;-0.0686;8.3888;4.3511999999999995
1573554059946;-0.10779999999999999;8.5554;4.6354
1573554059966;-0.0686;9.0846;4.7432
1573554059986;0;8.9572;4.5864
1573554060006;-0.0784;8.7612;4.1552
1573554060026;-0.21559999999999999;8.5946;4.2042
1573554060046;-0.294;8.673;4.263
1573554060066;-0.2646;8.8004;4.1748
1573554060086;-0.196;8.82;4.1552
