1,57355E+12;-0,1176;10,6624;0,2352
1,57355E+12;-0,0686;10,2116;0,4018
1,57355E+12;0,294;9,5942;0,686
1,57355E+12;0,4704;9,8196;0,7154
1,57355E+12;0,4508;9,8392;0,686
1,57355E+12;0,5194;9,7314;0,6762
1,57355E+12;0,4018;9,702;0,8526
1,57355E+12;0,392;9,4472;0,9702
1,57355E+12;0,3038;9,2904;1,2054
1,57355E+12;0,1176;9,4472;1,3818
1,57355E+12;-0,098;9,6824;1,4308
1,57355E+12;-0,2646;9,4472;1,4406
1,57355E+12;-0,3822;8,722;2,4206
1,57355E+12;-0,196;9,3296;1,7248
1,57355E+12;-0,1078;9,604;1,1466
1,57355E+12;-0,0588;9,2218;1,3132
1,57355E+12;-0,0588;9,5844;1,1564
1,57355E+12;-0,0784;9,6138;1,5778
1,57355E+12;-0,1666;9,4864;1,3916
1,57355E+12;-0,0882;9,3884;0,8526
1,57355E+12;0,0882;9,408;0,8526
1,57355E+12;0,0392;9,4276;1,0486
1,57355E+12;0,1176;9,4766;1,225
1,57355E+12;0,588;10,0646;1,0388
1,57355E+12;1,1956;10,3684;1,1564
1,57355E+12;1,5876;10,4076;0,833
1,57355E+12;1,8424;10,4958;0,882
1,57355E+12;1,6268;10,878;1,0094
1,57355E+12;1,0388;10,7996;1,029
1,57355E+12;0,5194;10,5742;0,9016
1,57355E+12;0,3136;9,7412;0,4998
1,57355E+12;0,441;9,5354;1,1956
1,57355E+12;0,6664;9,9274;1,1858
1,57355E+12;0,9016;9,8882;1,3818
1,57355E+12;0,7252;9,9862;1,1956
1,57355E+12;0,4018;9,6628;1,2544
1,57355E+12;0,049;9,898;1,5288
1,57355E+12;-0,5684;10,1038;1,4994
1,57355E+12;-1,3916;9,5942;1,7542
1,57355E+12;-1,8522;9,3492;1,5582
1,57355E+12;-1,6562;9,4178;1,9404
1,57355E+12;-1,7542;9,114;2,1658
1,57355E+12;-2,4304;8,4868;2,303
1,57355E+12;-2,6656;8,6534;2,45
1,57355E+12;-2,1462;9,4962;2,6068
1,57355E+12;-1,5092;9,8882;2,5088
1,57355E+12;-1,6758;10,2704;2,5774
1,57355E+12;-1,8228;9,9666;3,0086
1,57355E+12;-1,96;9,9862;3,0674
1,57355E+12;-2,2638;10,339;2,3912
1,57355E+12;-2,3716;9,7608;3,0478
1,57355E+12;-2,4206;9,3884;4,0278
1,57355E+12;-2,3912;8,82;3,4888
1,57355E+12;-2,0776;8,8984;2,7832
1,57355E+12;-1,813;8,82;3,0184
1,57355E+12;-1,7346;8,7416;3,1556
1,57355E+12;-1,911;8,8788;3,0282
1,57355E+12;-2,156;8,9572;3,1556
1,57355E+12;-1,9894;8,8886;3,724
1,57355E+12;-1,9012;8,5064;4,4198
1,57355E+12;-2,0188;8,428;4,3414
1,57355E+12;-2,4108;8,526;4,018
1,57355E+12;-2,7538;8,4378;3,8416
1,57355E+12;-3,0184;8,428;3,9102
1,57355E+12;-2,989;8,379;4,214
1,57355E+12;-2,94;8,5358;4,165
1,57355E+12;-2,6264;8,4868;4,4884
1,57355E+12;-2,6656;8,7024;4,0082
1,57355E+12;-2,9988;8,1536;4,2042
1,57355E+12;-2,8028;8,3692;4,5864
1,57355E+12;-2,2442;8,7808;4,4296
1,57355E+12;-1,8228;9,0846;4,3414
1,57355E+12;-1,568;9,6236;4,3806
1,57355E+12;-1,2838;9,898;4,753
1,57355E+12;-0,6958;9,3296;5,1646
1,57355E+12;-0,3822;8,5358;5,3312
1,57355E+12;-0,8918;7,8302;4,851
1,57355E+12;-1,3524;7,154;4,4394
1,57355E+12;-1,3328;7,0756;4,1356
1,57355E+12;-0,8918;7,2422;3,5084
1,57355E+12;-0,49;7,5068;3,2438
1,57355E+12;-0,1666;8,673;3,528
1,57355E+12;0,0882;9,6138;3,7338
1,57355E+12;0,539;10,2214;3,8906
1,57355E+12;0,8918;10,8094;3,8906
1,57355E+12;1,1368;10,9074;3,577
1,57355E+12;1,1662;10,0744;3,332
1,57355E+12;0,8722;9,3394;3,4594
1,57355E+12;0,6076;9,5158;3,7436
1,57355E+12;0,6076;9,065;4,0082
1,57355E+12;0,5586;8,722;3,92
1,57355E+12;0,4214;8,6142;3,7044
1,57355E+12;0,3332;8,5652;3,6946
1,57355E+12;0,3332;8,575;3,6162
1,57355E+12;0,4606;8,8886;3,2634
1,57355E+12;0,7154;9,1434;2,9204
1,57355E+12;1,029;9,0846;3,3908
1,57355E+12;1,1466;9,3688;3,6162
1,57355E+12;1,372;9,5746;3,3418
1,57355E+12;1,6072;9,4374;3,6162
1,57355E+12;1,5288;9,5256;3,6064
1,57355E+12;1,3426;9,4962;3,7142
1,57355E+12;1,1858;9,5158;3,7338
1,57355E+12;1,1956;9,506;3,5868
1,57355E+12;1,1662;9,4766;3,5574
1,57355E+12;0,9016;9,2316;3,2242
1,57355E+12;0,5292;8,8298;3,3614
1,57355E+12;0,5586;8,771;3,7338
1,57355E+12;0,6762;8,7612;3,8808
1,57355E+12;0,7056;8,8592;3,7632
1,57355E+12;0,6762;9,0258;3,4104
1,57355E+12;0,735;8,9376;3,5378
1,57355E+12;0,882;8,8396;3,5672
1,57355E+12;0,9996;8,8886;3,43
1,57355E+12;1,1074;8,8298;3,4594
1,57355E+12;1,2348;8,7122;3,6358
1,57355E+12;1,4112;8,7612;3,675
1,57355E+12;1,4896;8,7906;3,626
1,57355E+12;1,5386;8,6142;3,6848
1,57355E+12;1,7542;8,5162;3,6162
1,57355E+12;1,8522;8,4868;3,9102
1,57355E+12;1,8718;8,82;3,6652
1,57355E+12;1,9796;8,7318;3,577
1,57355E+12;1,7346;9,1336;3,724
1,57355E+12;1,4014;9,4864;3,283
1,57355E+12;1,1074;9,4766;3,773
1,57355E+12;0,8134;9,653;2,8616
1,57355E+12;0,5684;9,555;2,5382
1,57355E+12;0,1862;9,3786;2,254
1,57355E+12;-0,8428;9,0258;2,205
1,57355E+12;-1,9502;8,526;2,1462
1,57355E+12;-2,9498;8,9572;0,9114
1,57355E+12;-3,969;9,9274;0,588
1,57355E+12;-3,9102;10,4174;-0,245
1,57355E+12;-3,1654;10,241;-0,1078
1,57355E+12;-2,4892;9,8784;0,3234
1,57355E+12;-2,3912;10,0352;1,0388
1,57355E+12;-2,4794;10,5938;1,0094
1,57355E+12;-2,5088;10,7408;1,4308
1,57355E+12;-2,4696;10,6428;1,7934
1,57355E+12;-2,6852;10,6232;1,2544
1,57355E+12;-2,6656;10,1528;1,1466
1,57355E+12;-2,8322;9,4962;0,9212
1,57355E+12;-3,1262;8,8886;1,2936
1,57355E+12;-3,1752;8,7612;1,2838
1,57355E+12;-2,7048;9,1042;0,5782
1,57355E+12;-2,4304;9,3394;-0,0784
1,57355E+12;-2,2736;9,6824;-0,7448
1,57355E+12;-1,9404;9,5256;-0,539
1,57355E+12;-1,3916;8,8004;-0,245
1,57355E+12;-0,9604;7,2422;0,0784
1,57355E+12;-0,4116;5,9682;-0,2352
1,57355E+12;0,3332;5,831;-0,4018
1,57355E+12;1,225;5,8996;0,1078
1,57355E+12;1,8228;6,8698;0,6468
1,57355E+12;1,715;7,4578;0,2842
1,57355E+12;0,9114;7,889;0,343
1,57355E+12;0,0392;8,2418;1,0878
1,57355E+12;-0,9016;8,5456;0,98
1,57355E+12;-0,9996;8,5652;0,7154
1,57355E+12;-0,3822;8,5554;-0,4116
1,57355E+12;0,2352;8,7416;-1,9306
1,57355E+12;0,5684;8,2712;-1,9502
1,57355E+12;0,8722;8,3006;-2,2736
1,57355E+12;1,715;7,7714;-3,2046
1,57355E+12;1,7052;8,183;-3,6358
1,57355E+12;0,7644;8,526;-3,3614
1,57355E+12;-0,2058;8,8494;-3,4496
1,57355E+12;-0,6272;9,212;-3,7142
1,57355E+12;-0,8134;9,555;-3,9788
1,57355E+12;-0,5586;9,6432;-4,0278
1,57355E+12;-0,0588;9,9666;-4,508
1,57355E+12;-0,0686;10,6428;-5,782
1,57355E+12;-0,4312;10,3096;-6,7032
1,57355E+12;-0,343;9,1434;-7,448
1,57355E+12;-0,4018;8,4672;-7,6342
1,57355E+12;-0,8036;9,3786;-7,7224
1,57355E+12;-1,323;10,6918;-8,6338
1,57355E+12;-1,5092;10,3488;-9,408
1,57355E+12;-1,2544;9,5158;-9,4668
1,57355E+12;-1,225;8,8396;-9,3688
1,57355E+12;-1,2544;9,0062;-9,2316
1,57355E+12;-1,176;9,2904;-9,4864
1,57355E+12;-1,078;9,1728;-9,947
1,57355E+12;-0,9898;8,3692;-10,0646
1,57355E+12;-0,3822;7,644;-10,4076
1,57355E+12;0,147;7,4382;-10,045
1,57355E+12;-0,5586;7,252;-9,359
1,57355E+12;-1,1956;7,105;-9,065
1,57355E+12;-0,4802;6,6248;-9,3786
1,57355E+12;-0,4508;5,9094;-9,0258
1,57355E+12;-1,7444;5,9192;-8,8494
1,57355E+12;-2,744;6,0662;-8,3398
1,57355E+12;-2,2932;6,125;-7,7322
1,57355E+12;-1,7836;6,2426;-7,1442
1,57355E+12;-1,2446;6,321;-8,428
1,57355E+12;-0,4312;6,0074;-7,8792
1,57355E+12;-0,4704;6,86;-8,5358
1,57355E+12;-0,1274;6,3308;-7,7518
1,57355E+12;-0,2254;6,615;-7,7812
1,57355E+12;-0,1764;6,8012;-8,624
1,57355E+12;-0,0784;6,223;-8,2614
1,57355E+12;-0,147;6,0172;-7,8106
1,57355E+12;-0,7448;6,0172;-6,6248
1,57355E+12;-1,8228;6,2622;-6,3602
1,57355E+12;-2,3814;6,5856;-6,8404
1,57355E+12;-2,3324;6,3798;-7,2912
1,57355E+12;-1,6954;5,929;-7,2128
1,57355E+12;-0,9212;6,1936;-7,4382
1,57355E+12;-0,2156;6,4386;-7,3304
1,57355E+12;-0,1568;6,2622;-6,958
1,57355E+12;-0,4606;5,9388;-7,105
1,57355E+12;-0,7448;6,125;-7,6146
1,57355E+12;-0,6664;6,4582;-7,6048
1,57355E+12;-0,4508;6,8208;-7,6636
1,57355E+12;-0,5292;7,154;-8,5946
1,57355E+12;-0,4704;7,0952;-8,8788
1,57355E+12;-0,8722;6,8796;-8,477
1,57355E+12;-1,0682;6,909;-8,281
1,57355E+12;-0,7154;7,0854;-8,3104
1,57355E+12;-0,6272;6,909;-8,3104
1,57355E+12;-0,7644;6,7424;-8,1144
1,57355E+12;-1,0584;6,713;-7,938
1,57355E+12;-1,1074;6,664;-7,5852
1,57355E+12;-0,9996;6,5856;-7,5068
1,57355E+12;-1,0094;6,3112;-7,0658
1,57355E+12;-0,98;6,2426;-7,1638
1,57355E+12;-1,0192;6,1054;-7,2128
1,57355E+12;-1,1368;6,0858;-7,3304
1,57355E+12;-1,0094;5,9584;-6,8698
1,57355E+12;-0,686;6,2818;-6,6836
1,57355E+12;-0,49;6,5758;-7,2324
1,57355E+12;-0,4508;6,3308;-7,4872
1,57355E+12;-0,6762;6,2426;-8,1928
1,57355E+12;-0,4704;6,6738;-8,771
1,57355E+12;-0,2058;6,6052;-7,8988
1,57355E+12;-0,4116;6,9188;-7,8694
1,57355E+12;-0,4606;6,8796;-8,085
1,57355E+12;-0,4116;6,6346;-8,1634
1,57355E+12;-0,441;6,5758;-8,3496
1,57355E+12;-0,3822;6,5268;-8,379
1,57355E+12;-0,2744;6,5464;-8,379
1,57355E+12;-0,245;6,5856;-8,1438
1,57355E+12;-0,4704;6,811;-8,036
1,57355E+12;-0,6664;6,86;-8,0458
1,57355E+12;-0,5488;6,8208;-8,1242
1,57355E+12;-0,3822;6,7816;-7,9576
1,57355E+12;-0,2842;7,154;-7,9968
1,57355E+12;-0,4802;7,2618;-7,8204
1,57355E+12;-0,8134;7,056;-7,644
1,57355E+12;-0,784;6,7228;-7,3402
1,57355E+12;-0,735;6,566;-7,154
1,57355E+12;-0,8036;6,566;-7,644
1,57355E+12;-0,7252;7,252;-8,1634
1,57355E+12;-0,441;6,2622;-7,2226
1,57355E+12;-0,5586;6,37;-6,811
1,57355E+12;-0,784;7,4578;-7,2226
1,57355E+12;-0,6076;7,5754;-7,154
1,57355E+12;-0,6566;6,9384;-7,105
1,57355E+12;-0,7448;6,8796;-6,9972
1,57355E+12;-0,637;7,2814;-7,252
1,57355E+12;-0,4018;7,6048;-7,1442
1,57355E+12;-0,4508;7,644;-7,105
1,57355E+12;-0,7252;7,5362;-6,9286
1,57355E+12;-1,078;7,9282;-7,3108
1,57355E+12;-0,8624;7,8106;-7,252
1,57355E+12;-0,4018;7,5656;-7,1736
1,57355E+12;-0,1372;7,1344;-6,4484
1,57355E+12;-0,7448;7,301;-8,4378
1,57355E+12;-1,274;7,5852;-10,5252
1,57355E+12;-1,4112;7,6734;-11,0348
1,57355E+12;-1,4112;7,8008;-10,5056
1,57355E+12;-0,0098;9,7314;-9,6628
1,57355E+12;0,4998;10,0156;-10,6232
1,57355E+12;0,5978;9,3982;-11,466
1,57355E+12;0,5194;8,6926;-11,5934
1,57355E+12;-0,1078;8,4868;-10,9564
1,57355E+12;-0,9114;8,8494;-9,9862
1,57355E+12;-0,735;9,8686;-10,584
1,57355E+12;-0,8036;10,486;-10,8584
1,57355E+12;-1,3426;9,5452;-9,9274
1,57355E+12;-1,4602;9,408;-8,6926
1,57355E+12;-0,931;9,9862;-7,9478
1,57355E+12;-0,3332;10,2018;-7,6146
1,57355E+12;-0,0588;9,6628;-7,252
1,57355E+12;0,1078;10,2312;-6,6444
1,57355E+12;-0,0098;10,829;-7,105
1,57355E+12;0,0392;10,2508;-7,3696
1,57355E+12;0,3528;10,143;-6,9776
1,57355E+12;-0,5488;11,6816;-6,664
1,57355E+12;-1,6366;13,5926;-9,702
1,57355E+12;-1,421;11,3386;-7,7812
1,57355E+12;-0,8232;12,397;-5,3606
1,57355E+12;0,6076;11,2994;-4,4688
1,57355E+12;1,2642;6,1838;-3,185
1,57355E+12;-0,2744;2,7342;-1,5092
1,57355E+12;-1,6758;-2,1168;0,8134
1,57355E+12;-0,686;-4,0572;2,45
1,57355E+12;2,058;-8,7906;-1,5582
1,57355E+12;4,7824;-18,2672;-4,9098
1,57355E+12;0,98;-10,1332;-1,225
1,57355E+12;-1,1074;-3,8808;1,764
1,57355E+12;1,7934;1,3818;4,5374
1,57355E+12;-0,049;7,4284;4,7334
1,57355E+12;-1,1368;12,4264;2,6068
1,57355E+12;-0,6076;2,4696;3,4496
1,57355E+12;-3,8318;3,6652;0,4116
1,57355E+12;-8,5358;12,4362;-4,7334
1,57355E+12;-1,4014;11,5738;0,9506
1,57355E+12;0,098;13,3868;-1,2446
1,57355E+12;-0,2842;9,5746;1,7836
1,57355E+12;-2,1854;10,1136;-1,4602
1,57355E+12;-1,3818;9,457;-0,6076
1,57355E+12;-2,0874;11,4464;-0,5782
1,57355E+12;-0,5684;10,633;-0,6272
1,57355E+12;-1,1074;10,3684;-0,0882
1,57355E+12;-2,1462;9,0454;-0,7938
1,57355E+12;-2,1756;8,9082;-0,3724
1,57355E+12;-1,8816;8,2908;0,735
1,57355E+12;-1,4602;7,301;-0,0784
1,57355E+12;0,294;8,2418;-1,078
1,57355E+12;-0,1078;11,1524;-6,3896
1,57355E+12;-0,882;10,0352;-4,8412
1,57355E+12;-0,392;7,889;-1,5092
1,57355E+12;-0,1078;12,0246;1,1466
1,57355E+12;-0,3038;12,887;0,7056
1,57355E+12;-1,274;13,3476;0,0882
1,57355E+12;-2,4206;13,2006;-0,6076
1,57355E+12;-3,1164;13,5632;-0,0882
1,57355E+12;-2,9008;13,0732;-0,8134
1,57355E+12;-1,4406;12,6616;-1,9894
1,57355E+12;-0,2646;13,2104;-2,009
1,57355E+12;-0,2842;12,9262;-3,0968
1,57355E+12;-0,9506;13,4456;-3,6456
1,57355E+12;-1,078;13,3574;-3,3222
1,57355E+12;-1,372;14,0826;-3,1164
1,57355E+12;-1,8816;14,4256;-2,45
1,57355E+12;-1,9698;14,9058;-2,548
1,57355E+12;-1,9306;14,2002;-2,989
1,57355E+12;-1,1956;14,2786;-2,9694
1,57355E+12;-1,1074;14,553;-3,7338
1,57355E+12;-0,9898;13,7004;-3,8416
1,57355E+12;-0,4214;12,3774;-3,7044
1,57355E+12;-0,6468;12,5538;-2,4892
1,57355E+12;-0,9212;13,3182;-1,7346
1,57355E+12;-0,9898;12,8968;-2,6264
1,57355E+12;-0,6958;11,711;-3,185
1,57355E+12;-0,4018;11,319;-3,7632
1,57355E+12;-0,49;10,927;-1,7934
1,57355E+12;-1,421;12,397;-1,1466
1,57355E+12;-1,6562;11,1034;-1,7346
1,57355E+12;-1,4602;10,9662;-2,3324
1,57355E+12;-0,9702;10,927;-2,3912
1,57355E+12;-0,6664;11,1524;-1,862
1,57355E+12;-1,0486;11,711;-1,225
1,57355E+12;-1,3426;11,8482;-0,637
1,57355E+12;-1,421;12,152;-1,323
1,57355E+12;-1,1956;11,9168;-1,2348
1,57355E+12;-1,0976;12,1128;-1,421
1,57355E+12;-1,1466;12,7008;-0,2842
1,57355E+12;-1,2446;13,4946;0,0098
1,57355E+12;-1,4504;14,357;1,2936
1,57355E+12;-1,1368;15,6408;1,127
1,57355E+12;-1,1956;16,807;0,4802
1,57355E+12;-1,617;16,4836;-0,4214
1,57355E+12;-0,392;14,0336;-3,3222
1,57355E+12;-0,7056;11,8482;-3,3908
1,57355E+12;-3,9102;9,702;-2,5284
1,57355E+12;1,5778;0,5194;-9,8294
1,57355E+12;3,822;0,49;-8,428
1,57355E+12;-1,9502;0,147;0,3332
1,57355E+12;1,5876;-2,1854;2,646
1,57355E+12;2,2736;0,3038;1,6072
1,57355E+12;0,5782;0;1,8228
1,57355E+12;-1,9208;-0,1666;1,5778
1,57355E+12;-2,1854;0,6958;2,3422
1,57355E+12;-1,0486;0,4704;5,9094
1,57355E+12;-0,0882;1,4798;4,3414
1,57355E+12;0,7546;4,0964;2,8812
1,57355E+12;0,1666;9,0944;3,3026
1,57355E+12;-1,0388;12,4362;4,5668
1,57355E+12;-1,4014;7,6538;7,8596
1,57355E+12;-1,2152;3,8122;6,9776
1,57355E+12;-0,2646;3,1066;4,3414
1,57355E+12;-0,9114;5,537;5,4292
1,57355E+12;-1,8326;5,8212;4,1552
1,57355E+12;-1,1564;6,0956;3,038
1,57355E+12;0,0196;8,379;2,401
1,57355E+12;0,2744;11,7698;2,2834
1,57355E+12;-0,5292;13,3672;0,7644
1,57355E+12;-0,6174;12,985;1,1368
1,57355E+12;-0,049;12,054;0,539
1,57355E+12;-1,0584;11,3582;-0,539
1,57355E+12;-2,45;9,3688;-0,8232
1,57355E+12;-2,1364;7,399;-1,7934
1,57355E+12;-0,588;7,154;-3,1164
1,57355E+12;0,4704;9,065;-4,2826
1,57355E+12;1,0878;10,7996;-3,4594
1,57355E+12;0,3234;11,6032;-0,9898
1,57355E+12;-0,9996;9,4962;0,686
1,57355E+12;-0,8232;7,3696;1,7052
1,57355E+12;0,0294;8,5064;-0,784
1,57355E+12;0,2058;9,31;-3,1752
1,57355E+12;-0,343;9,2512;-2,7146
1,57355E+12;-0,882;5,2724;0,1372
1,57355E+12;-0,1078;5,341;0,5684
1,57355E+12;-0,5782;7,5166;-2,0678
1,57355E+12;-1,0976;7,154;-2,8616
1,57355E+12;0,0392;6,3994;-1,8326
1,57355E+12;0,098;7,203;-3,4986
1,57355E+12;0,0588;7,6734;-4,7726
1,57355E+12;-0,2352;8,4084;-3,7632
1,57355E+12;-1,0878;9,0062;-3,8906
1,57355E+12;-1,813;9,0454;-5,1352
1,57355E+12;-1,4406;9,016;-4,4688
1,57355E+12;-1,3034;9,3786;-4,9196
1,57355E+12;-1,1564;9,3492;-4,2924
1,57355E+12;-1,127;9,4962;-3,9984
1,57355E+12;-0,588;9,5158;-5,6742
1,57355E+12;0,1176;9,3394;-4,802
1,57355E+12;-0,3626;10,0646;-6,321
1,57355E+12;-0,049;10,0058;-5,6448
1,57355E+12;-0,0392;10,4174;-6,3602
1,57355E+12;0,3038;9,31;-6,0858
1,57355E+12;0,98;10,29;-6,0662
1,57355E+12;0,7938;9,9764;-6,3014
1,57355E+12;-0,1862;9,4374;-6,7032
1,57355E+12;-1,2054;8,7122;-6,9874
1,57355E+12;-1,5386;8,918;-7,3892
1,57355E+12;-1,421;8,7122;-7,3402
1,57355E+12;-1,029;8,7318;-7,9674
1,57355E+12;-0,3234;8,4966;-8,4574
1,57355E+12;-0,1862;8,5848;-8,6044
1,57355E+12;-0,784;8,526;-9,016
1,57355E+12;-1,4896;8,2712;-9,5844
1,57355E+12;-1,2348;8,4084;-9,1336
1,57355E+12;-0,686;8,9964;-9,359
1,57355E+12;0,2058;11,0642;-10,6232
1,57355E+12;0,3626;11,074;-11,9168
1,57355E+12;-0,7644;10,976;-12,054
1,57355E+12;-2,0286;11,5836;-12,3578
1,57355E+12;-1,7248;10,927;-10,3488
1,57355E+12;-1,8424;8,8396;-8,5946
1,57355E+12;-1,0682;7,1246;-8,3006
1,57355E+12;-0,2842;6,5856;-8,6828
1,57355E+12;-0,0882;7,595;-9,8784
1,57355E+12;0,2254;8,5848;-10,8388
1,57355E+12;0,7448;10,8682;-11,7012
1,57355E+12;0,7154;11,3484;-10,9074
1,57355E+12;-0,245;10,6232;-10,1136
1,57355E+12;-0,8526;10,339;-9,4668
1,57355E+12;-0,5684;9,9078;-8,9866
1,57355E+12;-1,0388;9,9764;-9,5746
1,57355E+12;-1,1858;10,6134;-8,1732
1,57355E+12;-1,0682;11,1328;-7,2814
1,57355E+12;-0,8232;11,074;-7,0266
1,57355E+12;-1,1172;11,6424;-6,125
1,57355E+12;-2,2344;11,9168;-7,3206
1,57355E+12;-2,0972;11,4072;-7,2422
1,57355E+12;-2,3814;12,2696;-7,2422
1,57355E+12;-3,1066;14,8078;-8,5554
1,57355E+12;-3,5574;16,2778;-9,5158
1,57355E+12;-3,871;14,5726;-8,1634
1,57355E+12;-2,9596;11,1426;-4,7628
1,57355E+12;-1,5288;6,8992;-3,1654
1,57355E+12;-0,5782;0,8918;0,4802
1,57355E+12;-0,735;-3,1458;0,6076
1,57355E+12;-0,196;-5,782;-3,0674
1,57355E+12;4,2728;-27,1852;-4,753
1,57355E+12;5,0176;-10,3096;-1,6268
1,57355E+12;2,1756;-4,1748;0,0196
1,57355E+12;-3,3026;-3,9592;5,3116
1,57355E+12;-1,7836;1,0192;1,4504
1,57355E+12;-4,557;12,691;0,3822
1,57355E+12;-2,3912;9,947;4,4492
1,57355E+12;-1,0878;2,5578;3,9004
1,57355E+12;-3,7044;4,8314;-1,8228
1,57355E+12;-0,8624;12,5734;-0,9212
1,57355E+12;1,6562;13,5828;3,6064
1,57355E+12;1,8032;10,1822;2,597
1,57355E+12;-0,7644;11,5052;-1,2446
1,57355E+12;-2,0678;10,927;-2,0874
1,57355E+12;0,0098;8,2026;-0,2548
1,57355E+12;1,7934;6,3602;3,2438
1,57355E+12;0,1274;8,8886;4,0376
1,57355E+12;-1,7346;9,2022;-0,4214
1,57355E+12;0,441;5,3998;-1,1564
1,57355E+12;0,5684;4,2238;0,9996
1,57355E+12;-1,1858;5,9486;-1,9208
1,57355E+12;-1,8914;6,0074;-2,7146
1,57355E+12;-0,245;6,4092;-2,1364
1,57355E+12;-0,5096;8,6044;1,3524
1,57355E+12;-1,2054;10,4664;2,0286
1,57355E+12;-1,8718;11,466;1,5974
1,57355E+12;-1,2446;11,2504;1,6856
1,57355E+12;-0,2254;11,9756;1,1368
1,57355E+12;-0,049;13,7396;0,735
1,57355E+12;0,3626;13,4162;-0,049
1,57355E+12;0,196;12,8772;-1,8326
1,57355E+12;-0,2352;12,2108;-1,8522
1,57355E+12;0,0882;12,2794;-1,127
1,57355E+12;-0,0196;11,6816;-1,3132
1,57355E+12;-1,5288;12,5636;-0,5586
1,57355E+12;-2,499;11,8874;-0,4704
1,57355E+12;-2,3226;11,074;-1,029
1,57355E+12;-1,078;12,3578;-1,7444
1,57355E+12;-0,2254;13,2888;-0,5782
1,57355E+12;-0,245;13,5926;-0,9408
1,57355E+12;-0,2254;13,4456;-2,058
1,57355E+12;-0,5586;12,6028;-2,9694
1,57355E+12;-0,9212;12,887;-2,8616
1,57355E+12;-0,343;13,1712;-2,9498
1,57355E+12;-0,5684;14,063;-4,0866
1,57355E+12;-0,9898;14,4746;-3,528
1,57355E+12;-1,176;14,4942;-3,7142
1,57355E+12;-1,323;14,455;-3,8612
1,57355E+12;-1,4406;13,6906;-2,9988
1,57355E+12;-1,2446;13,5926;-2,499
1,57355E+12;-1,2054;13,1418;-2,891
1,57355E+12;-1,3034;12,054;-3,9788
1,57355E+12;-1,1662;10,8878;-4,4394
1,57355E+12;-1,421;11,2112;-3,3908
1,57355E+12;-1,3328;11,6326;-2,45
1,57355E+12;-1,1074;11,5346;-2,4402
1,57355E+12;-1,0094;11,5934;-2,744
1,57355E+12;-1,0976;10,7506;-3,0968
1,57355E+12;-0,5292;10,5742;-3,0968
1,57355E+12;-0,392;10,7114;-2,5284
1,57355E+12;-1,0878;10,4272;-2,4108
1,57355E+12;-1,2838;9,7412;-2,4794
1,57355E+12;-1,225;10,0842;-3,038
1,57355E+12;-0,9996;9,9372;-2,5774
1,57355E+12;-0,9212;10,486;-2,1756
1,57355E+12;-0,7644;10,8976;-2,0482
1,57355E+12;-0,9996;11,2994;-2,6068
1,57355E+12;-1,0094;10,1038;-2,2442
1,57355E+12;-1,0094;11,221;-2,499
1,57355E+12;-1,2446;10,8878;-1,3132
1,57355E+12;-1,1956;11,27;-1,7052
1,57355E+12;-1,127;11,3778;-1,6856
1,57355E+12;-1,1368;11,5836;-1,2054
1,57355E+12;-1,3426;12,1618;-1,5288
1,57355E+12;-1,372;11,9364;-0,931
1,57355E+12;-1,2152;12,3382;-0,8134
1,57355E+12;-1,2348;12,7106;-0,882
1,57355E+12;-1,2544;13,132;0,0098
1,57355E+12;-1,274;14,3472;0,8036
1,57355E+12;-1,6758;14,6706;0,9114
1,57355E+12;-2,6264;14,6412;0,441
1,57355E+12;-2,6656;12,1128;-1,372
1,57355E+12;-2,7342;8,4574;-2,254
1,57355E+12;-3,0772;6,1544;-1,078
1,57355E+12;-0,245;5,8996;-3,1752
1,57355E+12;0,8134;2,1952;-6,6346
1,57355E+12;0,6076;-2,7146;-5,733
1,57355E+12;1,666;-3,4496;-3,2732
1,57355E+12;0,0686;-0,8722;-1,8522
1,57355E+12;-0,9114;1,1956;2,352
1,57355E+12;-0,5096;3,6652;0,4116
1,57355E+12;0,8624;2,1756;0,6664
1,57355E+12;2,8126;3,332;2,94
1,57355E+12;1,4994;7,3794;4,067
1,57355E+12;-1,519;13,5926;3,5966
1,57355E+12;-3,2732;13,9062;1,617
1,57355E+12;-1,4504;11,5934;3,5084
1,57355E+12;0,1666;10,1626;6,4974
1,57355E+12;-0,049;8,1732;4,7628
1,57355E+12;-0,196;5,6644;3,9592
1,57355E+12;0,098;4,0964;5,194
1,57355E+12;-0,4508;4,5962;4,3414
1,57355E+12;-1,3328;3,7534;3,773
1,57355E+12;-1,1368;4,3218;3,9592
1,57355E+12;-0,3332;6,2426;2,989
1,57355E+12;-0,8526;8,1144;3,3712
1,57355E+12;-1,7836;9,5648;2,2344
1,57355E+12;-1,0486;10,7604;1,4014
1,57355E+12;-0,392;11,7894;1,274
1,57355E+12;-0,1372;11,8286;2,1168
1,57355E+12;-0,5292;12,6714;0,7252
1,57355E+12;-1,7542;12,2304;-0,8232
1,57355E+12;-1,4014;10,0352;-1,0976
1,57355E+12;0,343;8,918;-2,6852
1,57355E+12;1,9894;9,1434;-4,1062
1,57355E+12;1,1368;10,7898;-4,214
1,57355E+12;-1,1662;12,7988;-2,1364
1,57355E+12;-1,9894;12,6126;-0,5488
1,57355E+12;-1,1466;10,1724;-0,1078
1,57355E+12;-1,2838;8,2222;1,3622
1,57355E+12;-1,7542;7,8694;2,352
1,57355E+12;-1,372;7,497;0,2842
1,57355E+12;-1,0192;7,1736;-0,7938
1,57355E+12;-0,9114;5,1842;0,1764
1,57355E+12;-0,6076;4,7432;-0,4508
1,57355E+12;0,343;6,5758;-0,8624
1,57355E+12;0,0784;7,056;-0,3822
1,57355E+12;-0,9212;6,5856;-1,3622
1,57355E+12;-1,4406;6,7032;-2,3324
1,57355E+12;-0,8134;7,2618;-2,205
1,57355E+12;0,3136;7,6538;-2,107
1,57355E+12;0,0392;8,9474;-4,0278
1,57355E+12;-0,3234;9,1336;-4,312
1,57355E+12;-0,2352;9,0944;-3,8808
1,57355E+12;0,3332;8,1536;-3,234
1,57355E+12;-0,2058;9,7902;-2,9204
1,57355E+12;-0,8918;9,9666;-4,7138
1,57355E+12;-1,0486;10,3292;-4,8216
1,57355E+12;-1,2838;9,8686;-3,5574
1,57355E+12;-1,127;9,7412;-4,0572
1,57355E+12;-1,3916;10,1822;-5,5468
1,57355E+12;-1,813;9,8294;-6,1642
1,57355E+12;-1,666;8,9082;-6,4778
1,57355E+12;-0,882;9,5746;-5,39
1,57355E+12;-0,196;9,6726;-4,361
1,57355E+12;-0,1862;10,0744;-4,949
1,57355E+12;-0,8722;9,7216;-5,8016
1,57355E+12;-1,2544;9,3492;-6,3798
1,57355E+12;-0,9702;8,7024;-6,8796
1,57355E+12;-0,7448;8,722;-7,1148
1,57355E+12;-0,441;9,016;-7,3598
1,57355E+12;-0,7154;9,5256;-7,8302
1,57355E+12;-1,4798;9,3884;-7,8302
1,57355E+12;-1,7542;9,2022;-8,4378
1,57355E+12;-1,323;9,7706;-9,065
1,57355E+12;-1,5386;10,4664;-9,1042
1,57355E+12;-1,666;11,6228;-10,241
1,57355E+12;0,0392;12,8184;-11,5738
1,57355E+12;0,6174;14,6608;-14,9254
1,57355E+12;-0,8918;17,1402;-18,1398
1,57355E+12;-2,009;13,769;-14,063
1,57355E+12;-2,9694;8,232;-8,673
1,57355E+12;-1,9796;6,8208;-5,537
1,57355E+12;0,0392;7,3402;-6,664
1,57355E+12;-0,0196;7,0168;-8,6142
1,57355E+12;-0,3136;8,673;-9,2904
1,57355E+12;-0,0686;11,6228;-8,8494
1,57355E+12;-0,098;13,769;-9,2022
1,57355E+12;-0,8624;12,8674;-8,9768
1,57355E+12;-1,2152;12,0932;-8,6436
1,57355E+12;-1,5778;10,7114;-7,4186
1,57355E+12;-2,0384;10,4174;-6,9384
1,57355E+12;-1,7934;10,339;-6,0662
1,57355E+12;-1,3034;11,6228;-5,4292
1,57355E+12;-1,176;12,9948;-7,0756
1,57355E+12;-1,3622;13,4554;-7,6048
1,57355E+12;-2,205;14,602;-7,6832
1,57355E+12;-2,9792;14,3962;-7,8792
1,57355E+12;-2,9106;13,5338;-6,6934
1,57355E+12;-2,6068;10,0646;-4,7824
1,57355E+12;-2,0384;7,8302;-1,6856
1,57355E+12;-1,7542;4,263;0,6076
1,57355E+12;-2,352;0,1372;-0,539
1,57355E+12;-1,0094;-2,8322;-3,4594
1,57355E+12;-0,2548;-9,9666;-5,2038
1,57355E+12;5,0764;-26,4208;0,49
1,57355E+12;9,1532;-7,9086;-0,3038
1,57355E+12;3,6946;-2,2148;0,8526
1,57355E+12;-1,0094;-1,2054;2,8518
1,57355E+12;-5,8408;13,5436;4,7628
1,57355E+12;-7,301;18,6102;1,3622
1,57355E+12;-0,245;3,6652;-0,5586
1,57355E+12;-0,0784;9,849;-4,8804
1,57355E+12;-1,2936;5,145;-3,6162
1,57355E+12;-0,245;7,5068;-1,225
1,57355E+12;0,3724;11,8384;2,891
1,57355E+12;-0,8134;10,192;2,891
1,57355E+12;-2,401;9,8686;-1,6562
1,57355E+12;-2,1364;9,0552;-0,9212
1,57355E+12;-1,127;6,6052;0,735
1,57355E+12;-0,49;5,4096;1,7346
1,57355E+12;-0,6076;5,8212;1,6268
1,57355E+12;-0,0882;5,0666;3,4398
1,57355E+12;-1,323;6,5366;2,2442
1,57355E+12;-1,617;8,183;0,7546
1,57355E+12;-0,0098;6,517;2,8224
1,57355E+12;-0,833;10,731;-5,1548
1,57355E+12;-0,1764;8,6534;-5,8604
1,57355E+12;0,4214;6,0662;-3,6064
1,57355E+12;0;8,2026;1,4406
1,57355E+12;-1,127;11,8776;2,2932
1,57355E+12;-2,107;12,152;1,715
1,57355E+12;-1,5386;11,8188;0,735
1,57355E+12;0,294;12,5048;-0,3528
1,57355E+12;1,0388;13,3966;-0,294
1,57355E+12;0,3528;12,7204;-0,0588
1,57355E+12;-0,3234;12,5048;-1,4406
1,57355E+12;-1,029;12,1128;-2,3814
1,57355E+12;-1,3818;12,4362;-2,254
1,57355E+12;-1,764;12,74;-2,2344
1,57355E+12;-1,5484;13,4946;-1,6562
1,57355E+12;-0,4606;13,475;-1,9208
1,57355E+12;-0,3234;13,5436;-2,009
1,57355E+12;-0,5978;13,965;-2,1756
1,57355E+12;-1,4602;14,1904;-2,352
1,57355E+12;-1,9894;13,5534;-2,744
1,57355E+12;-1,2152;13,4358;-3,3614
1,57355E+12;-0,9702;13,5828;-3,8514
1,57355E+12;-1,0192;13,8474;-3,2732
1,57355E+12;-1,2838;14,0924;-3,3516
1,57355E+12;-1,2642;13,9944;-3,6456
1,57355E+12;-0,686;13,7886;-3,6946
1,57355E+12;-0,2352;13,4652;-2,9106
1,57355E+12;-0,8526;12,691;-3,9984
1,57355E+12;-1,2152;11,7796;-3,8318
1,57355E+12;-1,2642;12,005;-3,6064
1,57355E+12;-1,4504;10,9564;-2,0384
1,57355E+12;-1,0976;11,564;-3,2242
1,57355E+12;-0,7448;10,9662;-3,4202
1,57355E+12;-0,7644;11,1132;-3,3712
1,57355E+12;-1,127;10,9466;-2,5676
1,57355E+12;-1,323;10,5448;-2,4892
1,57355E+12;-1,2544;10,3096;-3,3124
1,57355E+12;-1,1074;10,388;-3,6358
1,57355E+12;-0,4704;10,094;-2,2736
1,57355E+12;-0,3528;10,6134;-1,7346
1,57355E+12;-0,9604;10,7016;-1,9502
1,57355E+12;-1,127;10,6428;-2,401
1,57355E+12;-1,225;10,6036;-2,0188
1,57355E+12;-1,127;10,6918;-1,9992
1,57355E+12;-1,078;10,6134;-1,764
1,57355E+12;-1,0388;10,8388;-1,323
1,57355E+12;-1,1368;10,9074;-1,6366
1,57355E+12;-1,0682;11,4856;-1,8424
1,57355E+12;-1,0192;11,1132;-1,1466
1,57355E+12;-0,9898;11,7208;-0,3724
1,57355E+12;-0,9702;12,3186;-0,3038
1,57355E+12;-0,931;13,1124;0,4802
1,57355E+12;-1,0388;13,7788;-0,4508
1,57355E+12;-1,1858;13,7298;-0,1176
1,57355E+12;-1,1662;14,7784;0,7154
1,57355E+12;-1,6758;15,827;0,882
1,57355E+12;-2,009;15,5428;-1,0584
1,57355E+12;-1,5582;12,7498;-2,2344
1,57355E+12;-0,7546;9,4766;-0,2842
1,57355E+12;0,637;8,8592;-0,8624
1,57355E+12;1,47;6,1838;-7,9772
1,57355E+12;0,1666;1,568;-8,8494
1,57355E+12;-1,2936;-1,4406;-4,2238
1,57355E+12;-1,4406;-3,6456;-0,8232
1,57355E+12;-1,519;-2,842;1,5582
1,57355E+12;0,7252;0,3136;1,4896
1,57355E+12;1,813;-0,49;1,8718
1,57355E+12;0,098;-1,0388;3,332
1,57355E+12;-2,5186;0,441;1,568
1,57355E+12;-2,4598;2,4108;1,0682
1,57355E+12;-0,931;5,5762;4,1944
1,57355E+12;0,4802;13,3378;5,7134
1,57355E+12;3,2536;21,6972;4,9196
1,57355E+12;0,8722;13,3476;3,871
1,57355E+12;-1,8718;7,7224;6,6346
1,57355E+12;-4,214;7,5656;5,6644
1,57355E+12;-2,107;5,4684;2,8518
1,57355E+12;0,4214;4,4982;4,3316
1,57355E+12;0,9114;5,3606;4,1552
1,57355E+12;-0,4214;6,6836;4,5472
1,57355E+12;-2,1168;8,7024;2,4304
1,57355E+12;-1,9698;10,9368;2,3422
1,57355E+12;-0,9506;10,9956;2,8714
1,57355E+12;0,4802;10,8388;2,94
1,57355E+12;1,3034;11,1622;1,617
1,57355E+12;1,2838;9,8196;-0,3038
1,57355E+12;0,931;7,0854;0,0294
1,57355E+12;1,666;7,546;-2,1952
1,57355E+12;1,813;9,7118;-3,1262
1,57355E+12;-0,7056;12,4558;-0,9604
1,57355E+12;-2,9302;14,651;0,7056
1,57355E+12;-0,343;12,8674;1,0192
1,57355E+12;-0,1764;11,2896;1,1074
1,57355E+12;-1,3132;8,5848;1,8326
1,57355E+12;-2,1756;7,5852;1,6268
1,57355E+12;-1,862;6,2328;0,7546
1,57355E+12;-0,6076;5,6546;0,098
1,57355E+12;0,0196;5,0764;0,49
1,57355E+12;-0,294;5,2332;0,049
1,57355E+12;-1,0584;6,5366;-0,8918
1,57355E+12;-1,0976;6,86;-0,5292
1,57355E+12;-0,8134;6,3014;-0,5684
1,57355E+12;-0,6762;7,2422;-2,695
1,57355E+12;-0,4214;8,5554;-3,6162
1,57355E+12;-0,6076;8,7416;-2,107
1,57355E+12;-1,2642;8,134;-1,7542
1,57355E+12;-1,0192;10,094;-3,1948
1,57355E+12;0,3136;9,6628;-2,7244
1,57355E+12;0,147;8,9866;-2,3226
1,57355E+12;-1,078;8,8494;-2,6068
1,57355E+12;-1,4308;9,261;-4,067
1,57355E+12;-1,421;10,682;-5,1254
1,57355E+12;-1,3818;10,2508;-4,9
1,57355E+12;-0,7644;9,261;-3,9298
1,57355E+12;-0,1372;9,8;-3,5084
1,57355E+12;-0,6076;9,8784;-4,7726
1,57355E+12;-1,1956;9,6236;-5,4488
1,57355E+12;-0,8232;9,5158;-4,9
1,57355E+12;-0,7742;9,7314;-5,4586
1,57355E+12;-0,8722;9,4766;-5,8604
1,57355E+12;-0,5782;9,1826;-5,7722
1,57355E+12;-0,3038;9,0258;-5,439
1,57355E+12;-0,3332;9,6334;-6,027
1,57355E+12;-1,2152;8,5652;-6,4778
1,57355E+12;-1,5288;8,8788;-6,8208
1,57355E+12;-0,9506;8,1046;-6,6934
1,57355E+12;-0,6566;8,6534;-7,0266
1,57355E+12;-1,1172;9,3492;-7,644
1,57355E+12;-1,0878;9,7608;-7,6538
1,57355E+12;-1,1368;10,1038;-7,791
1,57355E+12;-0,8232;9,8686;-8,2908
1,57355E+12;-0,6174;9,5942;-8,6926
1,57355E+12;-1,4406;9,3688;-9,2806
1,57355E+12;-2,254;9,4766;-9,3884
1,57355E+12;-1,519;11,0642;-10,1528
1,57355E+12;-0,392;15,288;-12,9066
1,57355E+12;-0,0392;15,2194;-15,1214
1,57355E+12;-0,2646;12,2206;-14,2394
1,57355E+12;0,2842;9,4962;-8,3202
1,57355E+12;0,735;7,6538;-5,7232
1,57355E+12;0,588;6,615;-7,1246
1,57355E+12;-0,2744;6,468;-7,9576
1,57355E+12;-1,5582;8,4084;-9,6236
1,57355E+12;-0,3136;11,7992;-9,702
1,57355E+12;1,3328;13,6612;-9,4766
1,57355E+12;-0,2352;11,4366;-9,1728
1,57355E+12;-0,9408;11,1426;-9,9568
1,57355E+12;-1,1466;10,7604;-8,6436
1,57355E+12;-1,0878;10,2508;-7,3108
1,57355E+12;-0,5292;10,045;-7,1148
1,57355E+12;-1,0094;10,5154;-6,7718
1,57355E+12;-0,9212;11,8188;-7,3108
1,57355E+12;-1,3426;11,368;-7,1834
1,57355E+12;-1,862;11,2112;-7,9968
1,57355E+12;-1,4308;12,0932;-6,8502
1,57355E+12;-2,0678;13,6416;-6,3406
1,57355E+12;-2,9792;13,965;-8,2026
1,57355E+12;-3,7338;12,9556;-7,6342
1,57355E+12;-3,2438;11,7894;-7,0364
1,57355E+12;-1,1368;8,5652;-4,1552
1,57355E+12;0,2548;5,8114;-1,7934
1,57355E+12;0,196;2,4402;0,2548
1,57355E+12;0,0098;-1,0094;-1,4504
1,57355E+12;0,882;-4,2434;-2,8322
1,57355E+12;-0,539;-20,4722;-0,4018
1,57355E+12;3,4888;-14,1806;-1,9404
1,57355E+12;6,321;-6,4582;1,3916
1,57355E+12;4,165;-3,0576;3,969
1,57355E+12;-1,5484;0,5684;1,4308
1,57355E+12;-5,5468;14,5628;1,7052
1,57355E+12;-5,4684;14,0434;-1,8228
1,57355E+12;-0,5684;6,6248;1,2936
1,57355E+12;-2,107;8,7808;-0,343
1,57355E+12;0,0392;13,2398;1,323
1,57355E+12;0,3136;12,7008;2,1658
1,57355E+12;-2,5186;10,7898;0,2156
1,57355E+12;-2,009;8,3594;-2,1854
1,57355E+12;-1,1956;7,4186;-1,47
1,57355E+12;-0,1764;6,4778;1,8914
1,57355E+12;0,5978;6,0074;1,9502
1,57355E+12;-0,4998;5,7036;1,3328
1,57355E+12;-0,637;5,2234;1,5876
1,57355E+12;0,6958;5,8996;1,5778
1,57355E+12;1,2446;6,9286;1,7836
1,57355E+12;1,0094;7,1344;2,009
1,57355E+12;1,4406;5,0666;-0,3724
1,57355E+12;-0,7938;8,2124;-6,4386
1,57355E+12;-1,7444;12,0344;-4,7922
1,57355E+12;-1,4014;7,8596;0,1862
1,57355E+12;-1,813;9,2806;2,548
1,57355E+12;-2,1364;11,417;2,1854
1,57355E+12;-1,1172;12,0246;0,7644
1,57355E+12;-0,0098;12,0638;0,3234
1,57355E+12;-0,8232;12,544;-0,0686
1,57355E+12;-1,2152;12,985;-0,8134
1,57355E+12;-0,9212;12,4264;-1,4504
1,57355E+12;-0,343;12,1324;-2,3324
1,57355E+12;-0,2842;13,4946;-3,6652
1,57355E+12;0,4018;13,2202;-2,5774
1,57355E+12;0,392;13,3868;-2,1168
1,57355E+12;-0,8134;13,377;-1,519
1,57355E+12;-1,5484;13,3574;-1,2152
1,57355E+12;-1,4406;13,132;-1,4602
1,57355E+12;-1,372;13,0928;-3,0772
1,57355E+12;-0,931;13,3084;-2,6068
1,57355E+12;-0,2842;12,4656;-2,7048
1,57355E+12;-0,3724;12,8674;-3,7534
1,57355E+12;-0,4116;12,593;-4,6354
1,57355E+12;-0,098;12,9066;-3,92
1,57355E+12;-0,735;13,5632;-3,577
1,57355E+12;-1,1074;13,5534;-3,3124
1,57355E+12;-1,1662;13,524;-3,4986
1,57355E+12;-1,1564;13,2888;-3,5084
1,57355E+12;-1,0976;12,6714;-4,3708
1,57355E+12;-1,0094;12,5538;-4,2238
1,57355E+12;-0,7448;11,7894;-3,2634
1,57355E+12;-1,078;11,3778;-3,6162
1,57355E+12;-1,127;11,4464;-3,136
1,57355E+12;-0,6076;11,1034;-3,1066
1,57355E+12;-0,2842;10,437;-3,381
1,57355E+12;-0,294;10,3684;-2,7832
1,57355E+12;-0,7056;10,5154;-2,6362
1,57355E+12;-0,784;10,339;-2,5186
1,57355E+12;-0,3724;10,2116;-2,6264
1,57355E+12;-0,392;10,535;-2,7244
1,57355E+12;-0,8232;10,6428;-2,303
1,57355E+12;-1,1564;10,2116;-2,0972
1,57355E+12;-1,2446;10,4762;-2,5088
1,57355E+12;-0,8526;10,4076;-1,9404
1,57355E+12;-0,4312;10,6722;-2,009
1,57355E+12;-0,4312;10,9662;-2,0776
1,57355E+12;-1,0192;10,7702;-2,3716
1,57355E+12;-1,127;10,3194;-2,6656
1,57355E+12;-0,686;11,1132;-2,3324
1,57355E+12;-0,4998;10,9466;-1,2838
1,57355E+12;-0,3136;11,4856;-0,8722
1,57355E+12;-0,2156;11,466;-0,539
1,57355E+12;-0,343;11,6914;-0,3038
1,57355E+12;-0,6762;11,711;-0,3822
1,57355E+12;-0,8134;11,711;-0,9604
1,57355E+12;-0,3822;11,4464;-0,9996
1,57355E+12;0,1862;11,3484;-0,4998
1,57355E+12;0,3038;10,8682;0,3724
1,57355E+12;0,0098;10,5644;0,441
1,57355E+12;-0,3136;9,9862;-0,0588
1,57355E+12;-0,3724;9,4766;-0,1666
1,57355E+12;-0,1666;8,8788;0,3822
1,57355E+12;0,343;8,4672;0,8036
1,57355E+12;0,6076;7,9282;0,1862
1,57355E+12;0,4802;7,2226;0,0196
1,57355E+12;0,0686;6,3406;-0,5684
1,57355E+12;-0,245;5,6154;-0,49
1,57355E+12;-0,5292;4,6746;-0,2156
1,57355E+12;-0,5978;4,5766;0,4606
1,57355E+12;-0,8722;4,7628;0,5978
1,57355E+12;-0,9604;4,8118;0,5978
1,57355E+12;-1,4014;4,4688;0,7252
1,57355E+12;-1,8326;5,0568;1,029
1,57355E+12;-1,6366;6,5758;1,6562
1,57355E+12;-1,323;7,742;2,156
1,57355E+12;-1,274;8,4574;2,0188
1,57355E+12;-1,5288;8,722;2,107
1,57355E+12;-1,7542;9,5256;2,1756
1,57355E+12;-1,8718;8,9572;2,6754
1,57355E+12;-1,9992;8,4084;2,9694
1,57355E+12;-1,8228;8,1634;2,8616
1,57355E+12;-1,3132;8,526;3,087
1,57355E+12;-1,2544;9,0748;4,0376
1,57355E+12;-1,323;9,8686;3,2438
1,57355E+12;-0,882;9,4276;3,2242
1,57355E+12;-0,7448;9,7314;3,5476
1,57355E+12;-1,225;9,5746;4,704
1,57355E+12;-1,7444;9,604;4,6746
1,57355E+12;-1,8522;9,0944;4,1356
1,57355E+12;-1,4798;8,5064;5,096
1,57355E+12;-1,5974;8,477;5,1842
1,57355E+12;-1,5876;8,7906;4,7334
1,57355E+12;-2,0286;8,5358;5,2332
1,57355E+12;-2,4108;9,2316;4,9882
1,57355E+12;-2,2736;9,7412;4,361
1,57355E+12;-1,764;10,6232;3,675
1,57355E+12;-1,4112;12,2402;2,401
1,57355E+12;-0,1176;11,956;1,7738
1,57355E+12;0,4116;11,6032;3,3614
1,57355E+12;-0,4508;11,7208;4,0082
1,57355E+12;-0,7938;10,3782;4,8314
1,57355E+12;0,0686;10,1234;3,9592
1,57355E+12;1,0878;9,31;2,2344
1,57355E+12;1,3818;8,7514;1,2936
1,57355E+12;0,9016;8,2124;2,4598
1,57355E+12;0,2842;9,114;3,6652
1,57355E+12;-0,3332;9,7902;3,9592
1,57355E+12;-0,5978;9,8098;3,9592
1,57355E+12;-0,5684;9,5354;2,7342
1,57355E+12;-0,0588;8,9474;3,4986
1,57355E+12;0,3822;8,8984;3,5378
1,57355E+12;0,343;8,7122;3,773
1,57355E+12;0,0294;8,3496;3,8906
1,57355E+12;-0,147;7,8988;4,2336
1,57355E+12;-0,1372;7,938;3,7044
1,57355E+12;-0,1372;7,8204;3,4888
1,57355E+12;0,147;7,5068;3,7632
1,57355E+12;0,4116;7,4382;3,9984
1,57355E+12;0,4018;7,7616;3,9984
1,57355E+12;0,294;7,7518;4,6844
1,57355E+12;-0,0196;8,3594;4,2238
1,57355E+12;-0,2352;8,5946;4,0768
1,57355E+12;-0,392;8,3202;3,9102
1,57355E+12;-0,2352;8,134;4,2728
1,57355E+12;0,2842;8,379;4,9294
1,57355E+12;0,196;8,5456;5,2332
1,57355E+12;0,0098;8,3888;5,0078
1,57355E+12;0,0882;8,1634;4,7138
1,57355E+12;0,0196;8,7808;4,7824
1,57355E+12;-0,245;9,0062;4,1846
1,57355E+12;-0,1862;8,7122;3,675
1,57355E+12;-0,0098;9,6922;4,3708
1,57355E+12;-0,3332;11,1916;4,753
1,57355E+12;-0,9114;12,5538;3,9004
1,57355E+12;-1,1368;11,319;2,7636
1,57355E+12;-0,8526;9,7902;2,695
1,57355E+12;-0,7644;8,5358;4,1552
1,57355E+12;-0,9016;8,0556;4,802
1,57355E+12;-0,9898;8,4084;4,0376
1,57355E+12;-1,029;8,6142;3,528
1,57355E+12;-1,029;8,9082;2,8518
1,57355E+12;-0,9702;8,5652;2,6754
1,57355E+12;-0,8526;9,0846;2,1756
1,57355E+12;-0,686;9,3198;2,2344
1,57355E+12;-0,5292;9,7118;2,45
1,57355E+12;-0,9212;9,8784;2,8224
1,57355E+12;-1,3622;9,604;2,8224
1,57355E+12;-1,421;9,1826;2,7636
1,57355E+12;-1,225;8,7122;2,6656
1,57355E+12;-0,9604;8,5064;2,5088
1,57355E+12;-0,9114;8,526;2,4402
1,57355E+12;-1,1172;8,7808;1,911
1,57355E+12;-1,1466;9,2218;1,2544
1,57355E+12;-0,8526;9,2218;1,47
1,57355E+12;-0,6566;9,4178;1,8816
1,57355E+12;-0,9898;9,6138;2,1854
1,57355E+12;-1,372;9,9862;1,9502
1,57355E+12;-1,3818;9,7216;1,9404
1,57355E+12;-1,3132;9,9862;2,2932
1,57355E+12;-0,6762;11,5738;0,4998
1,57355E+12;0,0882;11,3778;-1,4504
1,57355E+12;0,1372;11,8874;-2,6754
1,57355E+12;-0,2352;9,849;-1,372
1,57355E+12;-0,9898;8,9474;0,392
1,57355E+12;-0,9016;8,9866;2,3128
1,57355E+12;-1,1858;8,82;2,5382
1,57355E+12;-1,8228;9,653;-0,0882
1,57355E+12;-2,0972;10,5448;-1,0976
1,57355E+12;-2,0286;11,4464;0,3234
1,57355E+12;-1,2446;11,368;1,2936
1,57355E+12;-0,8918;8,1536;3,4692
1,57355E+12;-1,2642;8,4672;4,4492
1,57355E+12;-2,1952;9,555;3,8808
1,57355E+12;-1,8424;9,6922;3,7632
1,57355E+12;-1,1466;10,0548;2,2148
1,57355E+12;-0,3038;10,1038;1,715
1,57355E+12;0,5194;9,8098;1,2348
1,57355E+12;0,7742;8,5848;3,7828
1,57355E+12;0,4508;8,5946;3,4104
1,57355E+12;0,3332;9,0846;1,0878
1,57355E+12;-0,147;8,967;1,6954
1,57355E+12;-0,735;10,7114;-0,0392
1,57355E+12;-0,9408;9,4276;2,8322
1,57355E+12;-0,9702;10,5252;4,8118
1,57355E+12;-1,0388;10,7506;3,1654
1,57355E+12;-1,4308;9,6824;3,0576
1,57355E+12;-1,8522;10,2116;1,2152
1,57355E+12;-1,7444;8,5064;2,4696
1,57355E+12;-1,3524;8,8886;3,1752
1,57355E+12;-1,3328;8,7318;4,5374
1,57355E+12;-1,3622;9,1532;4,557
1,57355E+12;-1,2348;9,3688;3,3614
1,57355E+12;-1,4014;9,3394;3,528
1,57355E+12;-2,0678;10,2998;2,2736
1,57355E+12;-1,9012;9,7804;2,6754
1,57355E+12;-2,0482;9,4472;2,7636
1,57355E+12;-2,3422;8,8298;3,8906
1,57355E+12;-2,3226;8,7122;4,0082
1,57355E+12;-2,4304;8,526;3,6652
1,57355E+12;-2,9792;8,8004;2,4304
1,57355E+12;-3,185;8,9768;1,6758
1,57355E+12;-2,8518;9,261;1,4994
1,57355E+12;-2,3422;9,31;1,764
1,57355E+12;-2,1168;9,7412;1,9796
1,57355E+12;-2,107;9,7902;2,5676
1,57355E+12;-2,3422;10,0646;2,4696
1,57355E+12;-2,45;10,2704;1,9796
1,57355E+12;-2,7342;9,7608;2,1952
1,57355E+12;-3,0576;10,1626;2,0678
1,57355E+12;-2,9204;10,29;2,2246
1,57355E+12;-2,45;9,359;3,3908
1,57355E+12;-2,4794;9,6922;2,5284
1,57355E+12;-1,8228;9,3394;2,7244
1,57355E+12;-1,5778;9,5746;2,9498
1,57355E+12;-1,9404;8,0654;3,1458
1,57355E+12;-2,1266;8,8004;3,773
1,57355E+12;-2,1462;9,4276;3,2634
1,57355E+12;-1,9404;8,6926;2,6166
1,57355E+12;-1,764;8,6142;2,5774
1,57355E+12;-1,3916;8,7122;2,8714
1,57355E+12;-1,2054;8,8298;3,2634
1,57355E+12;-0,8722;8,869;3,9494
1,57355E+12;-0,0392;8,7122;4,4884
1,57355E+12;0,7154;9,4374;4,4296
1,57355E+12;0,539;10,1332;4,4198
1,57355E+12;-0,1274;9,7608;3,9494
1,57355E+12;-0,1666;9,114;3,5966
1,57355E+12;0,1176;9,1336;3,5378
1,57355E+12;0,3724;9,1826;3,8318
1,57355E+12;0,2548;9,1924;3,6358
1,57355E+12;0,5782;8,5652;3,4986
1,57355E+12;0,6958;8,3104;3,4594
1,57355E+12;0,4116;7,693;2,9106
1,57355E+12;0,3724;8,379;3,4202
1,57355E+12;0,049;8,8298;3,8906
1,57355E+12;-0,0784;9,3002;3,7044
1,57355E+12;-0,0098;9,6824;3,0282
1,57355E+12;0,1862;9,702;2,744
1,57355E+12;0,0784;9,751;2,3716
1,57355E+12;0,0098;9,751;2,2736
1,57355E+12;0,0686;9,7902;2,107
1,57355E+12;0,1568;9,9078;1,9404
1,57355E+12;0,392;9,7314;1,8522
1,57355E+12;0,539;9,5844;1,6954
1,57355E+12;0,637;9,4374;1,6954
1,57355E+12;0,6664;9,4668;1,96
1,57355E+12;0,637;9,555;2,1756
1,57355E+12;0,4802;9,8196;2,2246
1,57355E+12;0,3626;9,8882;2,2442
1,57355E+12;-0,0294;10,1038;2,9498
1,57355E+12;-0,49;9,751;2,8322
1,57355E+12;-0,2254;9,9176;2,6068
1,57355E+12;-0,098;10,0058;2,646
1,57355E+12;-0,245;10,6428;2,6558
1,57355E+12;-0,5684;11,025;2,7146
1,57355E+12;-0,6566;10,5644;2,8322
1,57355E+12;-0,6174;9,9176;2,9008
1,57355E+12;-0,686;10,1234;2,3912
1,57355E+12;-0,9898;9,5158;2,3226
1,57355E+12;-1,0976;8,8396;2,2344
1,57355E+12;-0,9898;7,9674;2,3814
1,57355E+12;-0,9408;7,7028;2,4402
1,57355E+12;-1,029;8,4378;2,5774
1,57355E+12;-1,1466;9,3492;2,695
1,57355E+12;-1,0192;9,5746;3,5378
1,57355E+12;-1,1956;9,3982;3,9102
1,57355E+12;-1,0192;9,604;3,0478
1,57355E+12;-1,029;9,4374;4,7138
1,57355E+12;-1,6856;8,624;4,5276
1,57355E+12;-1,9404;7,9968;5,4096
1,57355E+12;-1,8228;8,0164;5,5958
1,57355E+12;-1,5386;7,938;5,0372
1,57355E+12;-1,6072;7,742;4,6354
1,57355E+12;-1,5288;7,399;4,7334
1,57355E+12;-1,4798;7,1932;4,8314
1,57355E+12;-1,3622;7,2226;4,9196
1,57355E+12;-1,372;7,5166;4,8314
1,57355E+12;-1,7444;7,9674;5,0666
1,57355E+12;-2,107;8,5652;5,1156
1,57355E+12;-2,1364;8,575;4,8804
1,57355E+12;-2,2442;8,5554;4,9196
1,57355E+12;-2,3226;8,624;5,1352
1,57355E+12;-2,254;8,8004;5,4292
1,57355E+12;-1,8718;8,6926;5,9192
1,57355E+12;-1,176;8,9572;5,4684
1,57355E+12;-0,5978;10,4762;5,096
1,57355E+12;-0,4116;10,2508;5,2136
1,57355E+12;0,2352;9,702;6,223
1,57355E+12;1,0682;9,8686;5,1842
1,57355E+12;1,1466;9,5354;4,4002
1,57355E+12;0,9212;10,7212;3,4104
1,57355E+12;0,6468;9,7412;3,1556
1,57355E+12;0,5292;8,869;2,7146
1,57355E+12;0,8526;8,3692;2,6264
1,57355E+12;1,1564;8,3398;2,842
1,57355E+12;1,176;8,6044;3,2144
1,57355E+12;1,0388;8,7024;3,626
1,57355E+12;0,9702;8,5946;3,871
1,57355E+12;0,98;8,8886;3,6064
1,57355E+12;0,8624;8,918;3,6554
1,57355E+12;0,637;8,6436;4,116
1,57355E+12;0,686;8,7318;4,263
1,57355E+12;0,9016;9,0258;3,9102
1,57355E+12;1,3034;9,7314;3,4398
1,57355E+12;1,7052;8,9768;3,0772
1,57355E+12;1,5582;7,8302;4,3708
1,57355E+12;1,3818;9,457;3,7926
1,57355E+12;1,078;9,1532;3,3516
1,57355E+12;0,8134;8,477;3,43
1,57355E+12;0,735;8,2712;3,6946
1,57355E+12;0,7448;8,575;3,2242
1,57355E+12;0,686;8,526;3,2928
1,57355E+12;0,4018;8,4672;3,5476
1,57355E+12;0,2548;8,4966;3,9592
1,57355E+12;0,2744;8,8102;3,9886
1,57355E+12;0,49;8,7416;3,92
